name	count
MARIA	1504552
ANNA	893896
KATARZYNA	417438
BARBARA	413498
TERESA	377502
EWA	375682
MAŁGORZATA	333623
ELŻBIETA	320605
MAGDALENA	298212
AGNIESZKA	276328
ZOFIA	272562
KRYSTYNA	230398
JADWIGA	205657
JOANNA	198843
JANINA	172176
MONIKA	162594
HELENA	160513
MARTA	135315
DANUTA	134013
DOROTA	133595
STANISŁAWA	133322
IRENA	123968
BEATA	119563
JOLANTA	119325
WERONIKA	116222
ALEKSANDRA	112140
KAROLINA	109154
URSZULA	103828
GRAŻYNA	98405
WIKTORIA	94668
HALINA	91431
KAZIMIERA	87132
MARIANNA	86660
JÓZEFA	84587
ALICJA	83658
IWONA	83507
BOŻENA	81919
JULIA	81239
AGATA	80428
IZABELA	78817
NATALIA	75913
JUSTYNA	73714
SYLWIA	72380
PAULINA	67263
WANDA	61189
PATRYCJA	60836
RENATA	58458
KINGA	57646
ŁUCJA	51348
DOMINIKA	46866
EMILIA	46805
STEFANIA	45530
WIESŁAWA	42854
GABRIELA	42395
ZUZANNA	41840
MARZENA	41813
ANTONINA	41791
EDYTA	38893
LUCYNA	38482
WŁADYSŁAWA	37162
EWELINA	35358
ANIELA	34833
LIDIA	34460
HANNA	34164
KLAUDIA	33311
BOGUMIŁA	32817
ANETA	32433
MARIOLA	31618
GENOWEFA	30648
KAMILA	30061
FRANCISZKA	28170
BRONISŁAWA	27333
CECYLIA	27320
HENRYKA	27109
MIROSŁAWA	27105
OLIWIA	26857
SABINA	26778
ALINA	24665
REGINA	24544
DARIA	24036
BOGUSŁAWA	24036
CZESŁAWA	23953
MICHALINA	21766
WIOLETTA	21062
MAJA	20178
RÓŻA	20145
ANGELIKA	20058
ROZALIA	19556
MARTYNA	19183
BERNADETA	16731
OLGA	15767
ZDZISŁAWA	15763
AMELIA	15373
LEOKADIA	15001
GERTRUDA	14498
ANASTAZJA	13934
LAURA	13834
MIECZYSŁAWA	13317
ILONA	12784
ANITA	12190
EUGENIA	12103
SANDRA	11899
KLARA	11773
WIOLETA	11362
LENA	10517
DAGMARA	10390
HONORATA	10146
MARLENA	10076
BRYGIDA	9563
ELIZA	9480
NIKOLA	9339
LUDWIKA	9113
CELINA	9020
KORNELIA	8707
JAGODA	8703
DANIELA	8644
SARA	8577
KARINA	8558
MILENA	8246
FAUSTYNA	7908
ROKSANA	7158
JULIANNA	7054
MAGDA	6961
ADRIANNA	6944
ALDONA	6928
APOLONIA	6875
LUIZA	6737
WACŁAWA	6694
IZABELLA	6689
MARCELINA	6560
ŻANETA	6470
MALWINA	6175
ELEONORA	6027
MATYLDA	5859
NINA	5790
DIANA	5695
ROMANA	5631
JULITA	5540
WALERIA	5416
LILIANA	5355
NADIA	5344
PAULA	5328
RITA	5036
PELAGIA	5000
AURELIA	4927
FELICJA	4914
VIOLETTA	4841
ELWIRA	4691
ADRIANA	4610
BOŻENNA	4582
ADELA	4475
BERNADETTA	4450
IGA	4135
KONSTANCJA	4065
ANDŻELIKA	4013
ALFREDA	3974
WALENTYNA	3780
JUDYTA	3692
FELIKSA	3435
ZENONA	3352
OTYLIA	3332
BLANKA	3263
RYSZARDA	3208
ESTERA	3204
LILIANNA	3178
MARZANNA	3123
SONIA	2950
JOWITA	2915
ROMUALDA	2874
JÓZEFINA	2873
BERNARDA	2836
VICTORIA	2824
KAJA	2814
TEODORA	2727
POLA	2658
ALBINA	2641
TAMARA	2619
LUDMIŁA	2610
OLIMPIA	2484
SŁAWOMIRA	2413
ARLETA	2401
MARIKA	2346
ZENOBIA	2299
HILDEGARDA	2299
MELANIA	2278
NATASZA	2274
TATIANA	2188
KALINA	2148
SALOMEA	2119
ERYKA	2118
MARIE	2072
ZYTA	2052
IRMINA	2046
DONATA	2023
INGA	2019
TEODOZJA	1980
BALBINA	1967
BOLESŁAWA	1928
AMANDA	1896
ADELAJDA	1804
LEONARDA	1743
GIZELA	1720
EDWARDA	1701
TEKLA	1693
LONGINA	1668
FLORENTYNA	1667
MARZENNA	1590
TEOFILA	1585
MARYLA	1584
ELIZABETH	1582
MARCELA	1529
NICOLE	1507
OLIVIA	1472
LUCJA	1431
ADA	1419
OKTAWIA	1390
KUNEGUNDA	1387
KLEMENTYNA	1378
JESSICA	1377
BOGNA	1377
IDA	1376
VANESSA	1345
KRZYSZTOFA	1330
EMMA	1326
ALEXANDRA	1271
LILLA	1238
NICOLA	1210
LILIA	1195
MARCJANNA	1187
KAMILLA	1167
LIWIA	1127
ANETTA	1118
ELFRYDA	1078
ROMA	1074
SAMANTA	1073
LILA	1013
MIRELA	1010
SEWERYNA	993
SOPHIE	964
KSENIA	958
ELENA	956
IZA	920
BIANKA	916
MIA	905
PETRONELA	890
ANGELINA	884
SOFIA	872
EVA	858
NADZIEJA	848
BENEDYKTA	848
ROSE	816
AUGUSTYNA	816
BERNARDYNA	797
VIKTORIA	794
INEZ	782
BERTA	782
AMALIA	779
PAMELA	776
MANUELA	775
FILOMENA	766
MIRIAM	759
ANN	757
DOBROSŁAWA	755
NOEMI	745
EULALIA	742
STELLA	735
NELA	725
ANGELA	693
WIRGINIA	680
EMANUELA	667
ELISABETH	654
CELESTYNA	643
MICHELLE	641
RUTA	635
BERENIKA	634
SŁAWA	632
WANESSA	630
GRETA	628
LEA	623
ANDREA	608
SOPHIA	589
GLORIA	568
JAROSŁAWA	566
OLA	566
LIGIA	565
ERNA	564
ANNE	563
GABRYELA	558
INES	558
MIRELLA	545
LEONTYNA	544
DOMICELA	525
MALINA	523
GERDA	522
SYLWESTRA	497
GAJA	489
KLAUDYNA	486
BERNARDETA	477
BLANDYNA	469
LARYSA	469
HELGA	467
ISABELLA	459
GRACE	455
CLAUDIA	455
VERONICA	453
PATRICIA	443
ANTONIA	438
HIACYNTA	436
GRACJANA	433
MAYA	433
MARY	432
SARAH	432
KORNELA	431
LOUISE	430
JANE	430
LINDA	418
MARIETTA	417
JAŚMINA	414
MIRA	409
GRACJA	406
IRMA	399
NARCYZA	396
RAMONA	393
LEONIA	390
WANESA	389
ERIKA	388
MERCEDES	387
HANKA	386
MARGARET	380
BOGDANA	380
PRAKSEDA	365
CHRISTINA	365
ŻAKLINA	360
CARMEN	358
CHRISTINE	358
ISABEL	352
EMA	350
EMILY	350
LIZA	350
WINCENTYNA	347
EUFEMIA	341
DELFINA	333
CRISTINA	332
ARLETTA	331
NEL	327
IWONNA	325
SYBILLA	324
AGNES	323
SABRINA	319
EDELTRAUDA	318
DOBRAWA	315
RUTH	315
NATALIE	314
CAROLINE	313
ALA	308
MARGARETA	307
OKSANA	306
VERONIKA	305
DAJANA	305
FATIMA	303
ERNESTYNA	302
FRYDERYKA	302
WILHELMINA	300
CHARLOTTE	298
CATHERINE	296
WALESKA	296
ALICE	295
SCHOLASTYKA	294
INGRID	292
JAGNA	292
RADOSŁAWA	289
IRMGARDA	288
AUGUSTA	283
KAROLA	282
LUBOMIRA	279
ROBERTA	279
KATHARINA	278
DŻESIKA	277
CAROLINA	272
JENNIFER	271
ABIGAIL	267
AURORA	265
EMILA	263
JOHANNA	262
KSAWERA	261
IRENE	259
ELA	257
KASANDRA	256
ADAMINA	255
LESŁAWA	254
BENIGNA	253
ALICIA	250
DOBROCHNA	250
SZARLOTA	249
NIKOL	248
MODESTA	246
DALIA	243
MARTINA	243
ROSA	242
LUKRECJA	242
MICHAELA	242
NICOL	241
MONICA	241
MARGOT	239
LUCIA	239
IDALIA	236
BENITA	234
KARIN	233
IZYDORA	232
SIMONA	231
SERAFINA	230
LARA	229
DOBROMIŁA	228
HELEN	227
DOLORES	225
ZBIGNIEWA	224
MARITA	223
KRISTINA	222
MARTHA	219
JOLENTA	215
LUDOMIRA	215
ELZA	213
MAJKA	213
LUDWINA	213
HERMINA	213
EUNIKA	212
MIŁOSŁAWA	210
ANASTASIA	209
LEONA	208
HALSZKA	207
JULITTA	206
LILY	205
LEONORA	205
CYRYLA	203
JOSEPHINE	202
ISABELLE	200
MIRANDA	197
IZOLDA	196
FRANCESCA	196
ALBERTYNA	196
NAOMI	195
KONSTANTYNA	195
LYNN	193
ANIKA	192
LUISA	192
FILIPINA	192
ELLA	189
ZOJA	189
REBEKA	189
VIOLETA	188
BIBIANNA	187
ELZBIETA	185
BOGDA	185
DAGNA	184
RYTA	183
KSYMENA	182
MARGARITA	182
LISA	182
ŻANETTA	181
INGEBORGA	181
RACHEL	178
RUT	177
DEBORA	176
ARIADNA	174
ZOE	173
KATHERINE	173
KAUR	172
ALOJZA	172
BEATRIZ	170
ANA	169
ALEJANDRA	169
STEPHANIE	169
WINCENTA	169
MARINA	168
RACHELA	165
LEE	163
GABRIELLA	162
PAOLA	161
JASMIN	161
CLAIRE	160
RAFAELA	159
ANIDA	157
OTOLIA	156
SYLVIA	156
JOY	155
HIERONIMA	155
JASMINA	155
DĄBRÓWKA	154
PIA	153
EDMUNDA	151
DORIS	150
LIVIA	146
URSULA	146
JACQUELINE	146
JANA	145
MARIA TERESA	144
AIDA	144
PRZEMYSŁAWA	144
WIERA	144
ANH	143
JULIANA	143
ANICETA	143
AURELA	142
KARMEN	142
MARIETA	141
LETYCJA	139
LORA	139
THERESA	138
HANNAH	138
INKA	137
LAURENCJA	137
ANGELICA	136
HELENE	135
CLARA	134
BEATRYCZE	134
ELISA	134
SELENA	133
KATE	133
MELISA	132
KRYSTIANA	132
KAREN	132
ROXANA	132
KONRADA	132
DENISE	132
KORDULA	131
WŁODZIMIERA	131
KRYSPINA	131
FRANCES	131
MAY	129
MALGORZATA	129
CECILIA	129
NUR	128
AFRODYTA	127
BIANCA	127
EDITH	127
ESTHER	127
ARIANA	126
ANDŻELINA	126
JESICA	126
MILA	125
NIKOLETTA	125
JEAN	125
WALBURGA	125
ASTRID	125
ANDRZELIKA	125
KLEOPATRA	124
VALENTINA	124
ALOJZJA	123
LUCJANNA	121
HERTA	121
JESIKA	121
WERA	120
ORIANA	120
LUCJANA	119
SOFIE	118
FELICYTA	117
FABIOLA	117
SATURNINA	117
ROZWITA	117
SAMANTHA	115
LUCY	115
STELA	115
ANNA MARIA	113
NATHALIE	112
ŚWIĘTOSŁAWA	112
MARGARETE	112
JUDITH	112
INGRIDA	111
ALMA	111
HEDWIG	111
GUSTAWA	111
ARKADIA	111
DIONIZA	111
HANA	111
LUNA	110
FLORA	110
IWONKA	110
HILDA	109
JOLA	109
ESTER	109
THERESE	109
TOLA	109
DAMIANA	108
KLOTYLDA	107
IWETTA	107
ERWINA	106
DORA	105
NELLY	105
ISMENA	104
MARIA MAGDALENA	104
KIRA	104
LEOPOLDA	103
AMY	102
GERARDA	102
EVE	101
ATENA	101
ADOLFINA	100
BELLA	99
LUBA	99
ŻAKLIN	99
LILLY	99
ELLEN	99
IRMGARD	99
REBECCA	98
VIRGINIA	98
SIMONE	98
EUFROZYNA	98
KAMILIA	98
SILVIA	98
PAULINE	97
YVONNE	97
MELANIE	97
MAE	97
PETRA	96
LINH	96
OLENA	96
JESSIKA	96
RAQUEL	96
MELISSA	95
JULIE	95
WISŁAWA	95
ILZA	95
SUSAN	95
EUZEBIA	94
ELENI	94
AMBER	93
NASTAZJA	92
LUDOMIŁA	92
FRYDA	91
RAISA	91
ADELINA	91
FLORIANNA	90
CHANTAL	90
JASMINE	88
CHLOE	88
FRIEDA	88
TINA	88
MAKSYMILIANA	87
HILDEGARD	87
BETINA	87
CHIARA	87
LEILA	87
SYLWINA	86
SUSANA	86
FRIDA	86
PALOMA	85
ANIA	85
LUISE	84
WALTRAUDA	84
RENEE	84
IWETA	84
BRIGITTE	83
CORNELIA	83
MARGOTA	83
ADOLFA	83
LORENA	83
LILI	83
IWA	83
IRIS	83
EMILIE	82
NELL	82
MIRONA	82
LAILA	82
CARLA	82
VIVIEN	81
SUZANNE	81
BERNADETTE	81
INA	81
GABRIELLE	80
RENA	80
YAEL	80
ASHLEY	80
KAMA	80
TADEUSZA	80
MARION	80
KATARINA	79
NELLA	79
DOROTHY	79
SAMIRA	78
KLARYSA	78
SYLWANA	78
ZYGFRYDA	78
NIKOLETA	78
TELIMENA	77
DINA	77
MAURA	77
KATRIN	77
LUDGARDA	77
KATHLEEN	76
MAŁGORZTA	76
ELISE	76
MAI	76
NADINE	75
LUBOMIŁA	74
HENRIETA	74
ARLENA	74
LORETTA	74
MARIAM	74
DOROTHEA	74
DANIELLE	74
KASIA	74
FERNANDA	74
CHELSEA	74
SUSANNE	73
MEGAN	73
SOL	73
BERNADYNA	73
VALERIA	73
GERTRUD	73
EVELYN	72
HORTENSJA	72
WIEŃCZYSŁAWA	72
GEORGINA	71
HERONIMA	71
LAN	71
BIRUTA	70
WALTRAUD	70
HIACENTA	70
FLORIANA	70
BERNARDETTA	70
NATASHA	70
GRACIELA	69
ALBERTA	69
JEANNE	69
MARIANNE	69
INEZA	69
RENATE	68
VIVIANA	68
JULIETTA	68
MARYNA	68
MARGERITA	67
ZOSIA	67
VANESA	67
CYNTIA	66
MARIIA	66
KIM	66
BEATRICE	66
STEFANIE	66
FRANZISKA	66
KESJA	65
AVA	65
GRAZYNA	65
BEATE	64
FIONA	64
RAJMUNDA	64
ANDŻELA	64
KIARA	63
BRIGIDA	63
DIANE	63
JUTTA	63
MADELEINE	63
SCARLETT	63
KOLETA	62
FORTUNATA	62
JUTA	62
KAMELIA	61
SZCZĘSNA	61
ELIANA	61
XYMENA	61
NORA	61
DAMARIS	61
CAMILLE	60
CAMILLA	60
DOMINIQUE	60
INGRYDA	60
LAYLA	60
LEAH	60
ROZANNA	60
LYDIA	60
MARIANA	60
ARIANNA	59
NIKOLINA	59
LOUISA	59
STANISLAWA	59
WITA	59
ELIGIA	58
JOANNE	58
ZYGMUNTA	58
WITOLDA	58
LINA	57
TOMIRA	57
LOTTA	57
JADE	57
FLAWIA	57
SUSANNA	56
VIVIENNE	56
KAYA	56
AMIRA	56
LEOPOLDYNA	56
EDWINA	56
HOPE	56
AISHA	55
MARÍA	55
MAGDALENE	55
ROMINA	55
JANET	55
VITTORIA	55
FLORENCE	55
CHIOMA	55
ISABELL	55
JAGIENKA	55
KATHRIN	55
ELIF	54
KASJANA	54
IZAURA	54
KATIA	54
HENRIETTA	54
-	54
KWIRYNA	54
OFELIA	54
LEIGH	54
DAGNY	54
ŻANNA	53
ANJA	53
WITOSŁAWA	53
JULIETTE	53
ESMERALDA	53
ALESSANDRA	53
ALI	53
RAE	53
INÉS	52
MAIA	52
EURYDYKA	52
NAWOJKA	52
KORA	52
JOAN	52
AMINA	52
DEBORAH	52
TRANG	51
JADWIGA KAZIMIERA	51
SOLEDAD	51
DEVI	51
ROZA	51
HERMENEGILDA	51
AMELIE	51
ANNAMARIA	51
INGEBORG	51
MONIQUE	51
IRINA	51
MARIJA	50
GIULIA	50
FABIANA	50
FLORENCIA	50
ANATOLIA	50
BIBIANA	50
ANNETTE	50
LUCIE	50
SOFIJA	50
BLANCA	50
ZEFIRYNA	50
GEORGIA	50
DOBROMIRA	49
PATRIZIA	49
MATILDA	49
ANGEL	49
GISELA	49
BELEN	49
HANNELORE	49
EMILIANA	49
AGATHA	49
SABA	49
MARYSIA	49
MICHELE	49
JEANETTE	48
SAWA	48
NIKITA	48
LAUREN	48
YASMIN	48
BETTINA	48
ITA	47
DAISY	47
VIVIAN	47
JOSEFINA	47
MILADA	47
ELAINE	47
ERICA	47
ELIZABET	47
WIOLA	47
MARIA ANTONINA	47
ELFRIEDA	47
ELFRIEDE	46
CHARLOTTA	46
LIA	46
ANDRZEJA	46
NIKA	46
CYNTHIA	46
GABRIELE	46
ANTOINETTE	46
ZARA	46
FERDYNANDA	46
VERA	46
DYONIZA	46
KATRINA	46
MOHAMED	46
KARLA	46
SYNTIA	46
JENNY	45
ELSA	45
ALEKSA	45
NICOLETTA	45
LOLA	45
SABINE	45
BRAK DANYCH	45
ARETA	45
SONJA	45
VALERIE	45
ALODIA	44
EILEEN	44
ANNEMARIE	44
WALTRAUT	44
DAWN	44
ROSANNA	44
BRUNHILDA	44
AISZA	44
KAY	44
INDIA	43
ROSALIA	43
DANA	43
SWIETŁANA	43
TAIDA	43
ELEKTRA	43
TONIA	43
RIVKA	43
CHRISTA	43
GIZELLA	43
THERESIA	43
SYBILA	42
SZARLOTTA	42
JANINA KAZIMIERA	42
LILLI	42
JUSTINE	42
MARIA ANNA	41
JANINE	41
CEZARIA	41
ANZELMA	41
GEORGIEVA	41
FELICIA	41
MATHILDE	41
MARGUERITE	41
HILARIA	41
ADELE	41
TARA	41
IGNACJA	41
DOMINICA	41
ŻYWIA	40
HOA	40
NGOC	40
GABRYJELA	40
KUMARI	40
BOZENA	40
FREDA	40
CIRILLA	39
LEYLA	39
COLETTE	39
PHUONG	39
WALERIANA	39
THUY	39
KELLY	39
MARI	39
ALENA	39
SASKIA	39
CATALINA	38
VERONIQUE	38
GAIA	38
ISABELA	38
AUDREY	38
SHARON	38
AHMED	38
MARGARETHE	38
SAMUELA	38
ELIDA	38
IVANOVA	38
MIHAELA	38
KARYNA	38
CONSTANCE	38
CELINE	38
KATHRYN	38
MABEL	37
ALANA	37
KORALIA	37
MILANA	37
MARIA KRYSTYNA	37
ROSITA	37
JOYCE	37
BOŻYSŁAWA	37
MALIKA	37
ANATOLA	37
LÉA	37
NOELIA	37
INGE	37
ANNA-MARIA	37
ANŻELIKA	36
WALDEMARA	36
LETICIA	36
FATMA	36
CLARE	36
MARIA ELŻBIETA	36
FRANCISCA	36
LEONIE	36
GIOVANNA	36
BETH	36
NORBERTA	36
LAWINIA	36
MARIA ZOFIA	35
GISELLE	35
MIKA	35
ANNIE	35
ANNABELLE	35
ZBYSŁAWA	35
ARIA	35
ALISON	35
BELÉN	35
WIELISŁAWA	35
SALMA	35
HUONG	35
ELLI	35
MARGITA	35
CHANEL	35
BOŻENA KAZIMIERA	35
ADELAIDA	35
CAROL	35
WENESA	34
CHRISTIANA	34
FILIPA	34
ALEXIS	34
JENIFER	34
DAMROKA	34
ROSEMARIE	34
XENIA	34
AGATHE	34
ANNIKA	34
ALISA	34
CAMILA	34
HEIDI	34
JAYNE	34
ERNESTA	34
MARIYA	34
GENEVIEVE	34
LARISA	33
MOLLY	33
ANDREEA	33
ANNELIESE	33
NANCY	33
ZAHRA	33
IOANA	33
NOELLE	33
ELISABET	33
YVETTE	33
CHRISTEL	33
SOLANGE	33
DOBIESŁAWA	33
HANIA	33
CHRISTIANE	33
LEONOR	33
KRISTINE	33
AGRYPINA	33
BASIA	33
NGOZI	32
HANG	32
MARTINE	32
EDITA	32
ALWINA	32
SELMA	32
MARGIT	32
KATERINA	32
KORYNA	32
EVELINA	32
TIFFANY	32
JOSE	32
RUFINA	32
KAROLINE	32
ERIN	32
SALWINA	32
NASTIA	32
ODETTA	32
DANIELLA	32
KRISTIN	32
FAITH	32
MALKA	32
LIDA	32
IVY	31
EDELTRAUT	31
MARCELLA	31
LIANA	31
MELITA	31
THEA	31
SINEAD	31
ASTRYDA	31
AOIFE	31
BRENDA	31
JOZEFA	31
ZELMA	31
CARINA	31
DAGMAR	31
ATINA	31
NIAMH	31
TACJANA	31
MARIA BARBARA	31
HEE	31
GRAZIA	31
ILIANA	31
BOGUCHWAŁA	31
DENIZ	30
LARISSA	30
ESTELLE	30
MILENIA	30
STANISŁAWA KAZIMIERA	30
EWA MARIA	30
MERYEM	30
GINA	30
ALIA	30
MARISA	30
MILAGROS	30
ELEANOR	30
SILVANA	30
JULIET	30
AN	30
FARIDA	30
MARTIKA	30
YOUNG	30
MARIA JADWIGA	30
MELODY	30
LORETA	30
VIOLA	30
SYDONIA	30
MAUREEN	30
JUNE	30
MARLENE	30
KATRZYNA	29
WICTORIA	29
MACIEJA	29
KATIE	29
PLACYDA	29
SUE	29
SOFÍA	29
CATERINA	29
ROSALIE	29
MARIEL	29
DALILA	29
NELLI	29
BOHDANA	29
GUDRUN	29
SUZANNA	29
MOHAMMED	29
MY	29
ILSE	29
ESTELLA	28
LECHOSŁAWA	28
WIWIANA	28
STENIA	28
EDELTRAUD	28
KIMBERLY	28
NIKODEMA	28
HAYA	28
JANETA	28
IMELDA	28
GALINA	28
DENISA	28
LOTA	28
MERVE	28
NICOLL	28
MARGARETTA	28
ESTELA	28
MARIA HELENA	27
SORAYA	27
PALMIRA	27
REBECA	27
MÁRIA	27
NIKE	27
ELVIRA	27
ŚNIEŻKA	27
CATHARINA	27
JOLITA	27
KONSUELA	27
BERNADA	27
LYNNE	27
GRACJANNA	27
LUANA	27
SYLVIE	27
MI	26
ALEXA	26
NHI	26
SUMMER	26
WILMA	26
SELIN	26
BONIFACJA	26
SANCJA	26
MARIA JANINA	26
MARIA JOLANTA	26
HUYEN	26
THU	26
BERNATA	26
SUZAN	26
TERESA MARIA	26
GEMMA	26
WOJCIECHA	26
BONAWENTURA	26
CHLOÉ	26
PARTYCJA	25
RANI	25
MIRTA	25
UTA	25
DITTA	25
LEJLA	25
KATHY	25
HÉLÈNE	25
RADZISŁAWA	25
IZYDA	25
MARGARETHA	25
BENONA	25
MARTYNIKA	25
RUBY	25
KAYLA	25
KRYSTA	25
AYLIN	25
CELIA	25
ELODIE	25
ANABEL	25
JOSEFINE	25
MARIA STANISŁAWA	25
DIMITROVA	25
CARMELA	25
JOLANTYNA	25
ELISABETTA	25
IFEOMA	25
DEL CARMEN	25
OCTAVIA	25
ELSE	25
ADRIA	25
MINH	25
JANETTE	25
ANASTAZIA	24
TAISA	24
LILIAN	24
EMMANUELLE	24
JARMILA	24
MINA	24
GRYZELDA	24
JANETTA	24
AMARACHI	24
NELI	24
MÓNICA	24
TANIA	24
SALOMEJA	24
NGA	24
JULIETA	24
CASSANDRA	24
ALESSIA	24
OLYMPIA	24
HRISTOVA	24
ATHINA	24
CIARA	24
BALWINA	24
ANGIELIKA	24
SCARLET	24
ALEXIA	24
LUDOSŁAWA	24
ZEYNEP	24
ELIDIA	24
LORRAINE	24
SHEILA	24
APARECIDA	24
SIOBHAN	24
SANTANA	23
ROSANA	23
KARMELA	23
WIKTORYNA	23
JURATA	23
VERÓNICA	23
LIV	23
WIESLAWA	23
AMÉLIE	23
KATHARINE	23
MARYAM	23
KYUNG	23
CHRISTIN	23
MYRIAM	23
HIEN	23
HENRIETTE	23
MICHELA	23
MILLA	23
PARIS	23
PEARL	23
JOANA	23
ANNABEL	23
MARGHERITA	23
JACENTA	23
KARIMA	22
MINNA	22
FELICJANA	22
IMAN	22
KORINA	22
JANKA	22
YASMINE	22
LUZIE	22
ANABELLA	22
ROCIO	22
VESNA	22
JUSTINA	22
LILIANE	22
ZENIA	22
BRIGITTA	22
ARNIKA	22
PILAR	22
CECILE	22
ROSIE	22
MARIA JÓZEFA	22
KERSTIN	22
ANTONELLA	22
ATANASOVA	22
BARNABA	22
ROSWITA	22
RADOMIŁA	22
TOVA	22
BELLE	22
MADELINE	22
VÉRONIQUE	22
BRONISLAWA	22
ISLA	22
CATALEYA	22
CHIAMAKA	22
ANDRZELINA	21
MARIA EWA	21
PETRONELLA	21
BETTY	21
KATALIN	21
OLUCHI	21
ANAIS	21
LILJA	21
SELWINA	21
PENELOPA	21
MADISON	21
LYN	21
HELIODORA	21
NHUNG	21
FREYA	21
NOA	21
APRIL	21
BARBARA MARIA	21
WIWIANNA	21
JUANA	21
SIGRID	21
ILLONA	21
AICHA	21
KRYSTINA	21
BJÖRK	21
VAN	21
THANH	21
ALINE	21
ASENOVA	21
CATARINA	21
ZOHRA	21
MICAELA	21
YASEMIN	21
ELINA	21
ADELHEID	21
CEZARA	21
MIKAELA	21
NOTBURGA	21
TOSIA	21
JAQUELINE	21
FABIENNE	21
IVONNE	21
LOTTE	21
SELINA	21
ADEL	21
CEZARYNA	21
ANNEMARIA	21
KLEMENSA	20
LILLIAN	20
SHIRLEY	20
JIN	20
GAIL	20
THAO	20
ELŻBIETA MARIA	20
RENÉE	20
LEONIDA	20
BARABRA	20
CELESTE	20
ANDA	20
LUCIANA	20
LOU	20
ISAURA	20
MARA	20
MEI	20
META	20
ECE	20
ROMANIA	20
VIOLET	20
GOSIA	20
WENDY	20
JOSEFA	20
HEATHER	20
CORINA	20
MONA	20
ALEX	20
RIWANA	20
SKY	20
ŁADYSŁAWA	20
DAIANA	20
MARŻOLENA	20
PERLA	20
TADEA	20
CINDY	20
LUDMILA	20
KARIONA	19
NATALI	19
FAYE	19
ZSUZSANNA	19
CAROLIN	19
DELIA	19
MARIA WŁADYSŁAWA	19
HAZEL	19
CLEMENTINE	19
BARBRA	19
LAURE	19
PNINA	19
EUNICE	19
CHISOM	19
LEIA	19
YOLANDA	19
SERENA	19
VY	19
BELINDA	19
NADJA	19
RADOCHNA	19
ZOFIA MARIA	19
CAROLA	19
CAROLYN	19
FRANÇOISE	19
LAKSHMI	19
ALIDA	19
ZINA	19
CHAYA	19
ANNALIZA	19
MARIA IRENA	19
WANDA MARIA	19
LINNEA	19
ANGELIQUE	19
FRANCOISE	19
GLADYS	19
MADDALENA	19
GÜL	19
TAMAR	19
AIMEE	19
FLORENCJA	19
SAOIRSE	18
CHRYSTIANA	18
DALIDA	18
NICOLETA	18
RENALDA	18
CHIDINMA	18
KATERYNA	18
MATHILDA	18
MAGGIE	18
ZYGLINDA	18
MARGARIDA	18
ANGELOVA	18
JOZEFINA	18
VIKTORIIA	18
ETHEL	18
SŁAWINA	18
JADWIGA MARIA	18
SYDNEY	18
ELFRIDA	18
ANETTE	18
PERPETUA	18
AGUSTINA	18
ZOYA	18
DAROMIŁA	18
HA	18
ARMANDA	18
ALBA	18
LUZIA	18
LUCYLLA	18
INOCENTA	18
SYLWIANA	18
SEBASTIANA	18
KATJA	18
EVELINE	18
SOFI	18
ELWINA	18
ALFONSA	18
LUTOSŁAWA	18
JULIANE	18
MARIA DANUTA	18
ELŹBIETA	18
CHINYERE	18
FEBRONIA	18
KARENA	18
JO	18
BEATRIX	18
CHRYZANTA	18
SASHA	18
GUADALUPE	18
MAREE	18
ANNE-MARIE	18
HANH	18
HOLLY	18
ANNELI	18
PRISCILLA	18
DONNA	18
LAMIA	18
ANYA	18
ODETA	18
JOSEPHINA	17
LATIKA	17
BORYSŁAWA	17
FANNY	17
SENA	17
ULA	17
PATRYCIA	17
THEODORA	17
LESZKA	17
SZYMONA	17
DAFNE	17
ESTEFANIA	17
BARABARA	17
LUZ	17
ŻELISŁAWA	17
LEANDRA	17
ADAEZE	17
TATJANA	17
MALENA	17
ORSZULA	17
MAXINE	17
AMADEA	17
ELMIRA	17
LAETITIA	17
KASYLDA	17
AALIYAH	17
NIKOLE	17
HUBERTA	17
DAPHNE	17
GRACIA	17
NICOLLE	17
BALLADYNA	17
ORLA	17
DŻAMILA	17
DOMICELLA	17
PAIGE	17
ARIELA	17
JEANNETTE	17
TANITA	17
TARSYLIA	17
MARIA MAŁGORZATA	17
REMIGIA	17
KRYSTYNA MARIA	17
BEATRYCZA	17
EBRU	17
ANDRONA	17
NOEL	17
ARTEMIDA	17
MAGALI	17
JEANNINE	17
VALENTINE	17
MIROSŁAWA KAZIMIERA	16
MARGA	16
WIKTORA	16
MIREILLE	16
BONA	16
TACJANNA	16
DARINA	16
LIEN	16
MIRABELA	16
IVONA	16
KAJETANA	16
INDIRA	16
MARIAN	16
SHANNON	16
HONG	16
KATALEJA	16
CORINNE	16
HANNELORA	16
FRANCINE	16
BOŻENTYNA	16
DILARA	16
MARGARYTA	16
BRATUMIŁA	16
BETÜL	16
BINTI	16
LOURDES	16
ROXANNE	16
AYLA	16
TESSA	16
MAŁGORZATA MARIA	16
ATHENA	16
AMA	16
KAARINA	16
TRAUTA	16
CHANA	16
TYCJANA	16
JOLANDA	16
TOMASZA	16
NADINA	16
MICHAL	16
LOAN	16
NIKOLAEVA	16
MICHÈLE	16
EUN	16
WLADYSLAWA	16
MARIONA	16
PETROVA	16
ARTEMIS	16
BROOKE	16
MATILDE	16
ALLISON	16
DANUSIA	16
MIRJAM	16
ZIPORA	16
EUGIENIA	16
AYA	16
VERENA	16
ADELAIDE	16
KSAWERYNA	16
ISMAIL	16
DESIREE	16
COLLEEN	16
PAULETTE	16
EDUARDA	16
BOŻYDARA	16
RANDIA	15
ROSEMARY	15
ELIA	15
RAFAELLA	15
EMINE	15
AMAYA	15
ULRYKA	15
FLAVIA	15
TEREZA	15
EDELGARD	15
ROLANDA	15
GIANG	15
CORA	15
ANDROMEDA	15
ORESTA	15
NADA	15
AILEEN	15
LETIZIA	15
KATRINE	15
LOLITA	15
MARCIA	15
GERALDINE	15
ZONIA	15
MIJA	15
FELICITAS	15
MARIELA	15
LI	15
ASPAZJA	15
STEFANI	15
MADLENA	15
FAUSTINA	15
FLORENTINA	15
DVORA	15
IZABEL	15
GEORGETTE	15
FAY	15
ZUZANA	15
ANNICK	15
RIMA	15
MARIA KAZIMIERA	15
NNEKA	15
HARRIET	15
NIKI	15
LAURENCE	15
LESLIE	15
IJEOMA	15
CHANTELLE	15
ZUZIA	15
PASCALE	15
BRIDGET	15
BENIAMINA	15
MIŁA	15
GERTA	15
FELICYTAS	15
NICOLETTE	15
ZINAIDA	15
ARNOLDA	15
ASTERIA	15
ANI	15
WENETA	15
FREJA	15
YORDANOVA	15
MARINE	15
SKYE	15
LISE	15
RENE	15
CHEN	14
ANNABELLA	14
JUNG	14
MELEK	14
AYSE	14
JANINA MARIA	14
CONSTANZA	14
SOOK	14
ANNABELL	14
HAVA	14
JOHANA	14
SUN	14
WESNA	14
ZOI	14
MERY	14
ILANA	14
DORIANA	14
MAHMOUD	14
ASIA	14
MILLENIA	14
SAIDA	14
DEONIZA	14
CAMELIA	14
LIDWINA	14
ŚWIETLANA	14
LORE	14
ROSARIO	14
AMARA	14
THÉRÈSE	14
DIANNE	14
ZITA	14
LUCILLE	14
STASIA	14
ANOUK	14
SIBEL	14
IRYNA	14
LEANNE	14
YASMINA	14
EVELYNE	14
HYUN	14
KATHERINA	14
KRZESISŁAWA	14
RABIA	14
RENARDA	14
AMELA	14
CAROLE	14
ELSIE	14
MADLEN	14
SANDRINE	14
MELINDA	14
JAMILA	14
ELIANE	14
IRENA MARIA	14
MARIA GRAŻYNA	14
VIOLETTE	14
CLAUDINE	14
ANDRZEJKA	14
ROSEMARIA	14
AIKO	14
APOLLONIA	14
EUDOKSJA	13
EDWIGE	13
ŻANET	13
CÉLINE	13
ILIEVA	13
LUCÍA	13
MŚCISŁAWA	13
ZAINAB	13
VIRGINIE	13
KRASIMIROVA	13
ASTRIDA	13
KRISTIINA	13
BAZYLIA	13
PRIYA	13
SEDA	13
SILA	13
EUDOKIA	13
LANA	13
WERONICA	13
MADELAINE	13
YEN	13
IVANNA	13
DIMITRA	13
MIN	13
MARCINA	13
FRANCIS	13
ELIN	13
STOYANOVA	13
CÉCILE	13
NADIN	13
JAROMIRA	13
CZESŁAWA KAZIMIERA	13
CHI	13
OLEKSANDRA	13
RUDOLFINA	13
ZUZA	13
RÓS	13
FABIA	13
CHAJA	13
ROŚCISŁAWA	13
SILVINA	13
FRIEDERIKE	13
NOELA	13
MAKSYMA	13
ROISIN	13
JÓZEFATA	13
SULISŁAWA	13
STÉPHANIE	13
CEREN	13
MIROSLAWA	13
SALLY	13
AMAL	13
TERESE	13
PRINCESSA	13
MARCIANNA	13
NURIA	13
LAJLA	13
HASSAN	13
GOSŁAWA	13
EDA	13
DUNG	13
MEDARDA	13
MICHEL	13
ULRIKA	13
CLAUDE	13
PENELOPE	13
MAKSYMILIA	13
WENUS	13
KALIKSTA	13
GABRYIELA	13
EUSTACHIA	13
ANABELA	13
DESPINA	13
LATIFA	13
ROBYN	13
JOLANTHE	13
IMGARDA	13
FELICITY	12
OANH	12
TAMIRA	12
WALENTINA	12
LUCYLIA	12
FLEUR	12
MADGALENA	12
TANYA	12
MARYJA	12
KÄTHE	12
DERYA	12
HANNELE	12
SALOME	12
LIESELOTTE	12
REDDY	12
KATHRINE	12
LIN	12
RENIA	12
EURELIA	12
POLONIA	12
ANNE MARIE	12
DOMINKA	12
OJCUMIŁA	12
YEHUDIT	12
INÊS	12
RITTA	12
ODILE	12
INGEBURG	12
MITKOVA	12
SINÉAD	12
MARCELLE	12
AMAKA	12
ADAMA	12
NAZ	12
SOLVEIG	12
KAIA	12
LESLEY	12
BREGIDA	12
JOSÉ	12
AURÉLIE	12
KOLETTA	12
JOLETTA	12
ASENATA	12
ANTONIETTA	12
MARII	12
ELKE	12
MARIA ALEKSANDRA	12
HEROMINA	12
NATACHA	12
MAXIMA	12
MORGANA	12
RAJESH	12
ZYGRYDA	12
QUYNH	12
CRISTINE	12
ERMINA	12
UNISŁAWA	12
BRACHA	12
KARMENA	12
DEL PILAR	12
MATEA	12
MELIS	12
FRANCESKA	12
MARTHE	12
NEOMI	12
ODETTE	12
AURA	12
MASZA	12
CARLOTTA	12
CONCETTA	12
KALA	12
KASJA	12
VENESSA	12
ANALIA	12
RIM	12
ORIONA	12
COCO	12
AMEL	12
MIMI	12
WIARA	12
EMI	12
JOSETTE	12
NOEMÍ	12
KARINE	12
BIRGITTA	12
GENIA	12
SIENNA	12
IZASŁAWA	12
ARETTA	12
MALVINA	12
WALLY	12
RENISŁAWA	12
ALEXANDRIA	12
EMILOVA	12
ASTA	12
OLAMIDE	12
KATARIINA	12
BRUNONA	12
AFRA	12
MAIJA	12
ROSARIA	12
MARICA	12
LISBETH	12
VIVIANE	12
KIRAN	12
MARIA LUDWIKA	12
JÚLIA	12
IRÈNE	11
MELINA	11
ÁGNES	11
LY	11
MISZEL	11
BEATRYCA	11
ROZITA	11
JOLIE	11
LUCIENNE	11
GISELE	11
PRZYBYSŁAWA	11
NELIA	11
CHARLOTA	11
MOHAMMAD	11
BERENIKE	11
TIMEA	11
BOGUMIŁA KAZIMIERA	11
GEORGINIA	11
BENEDYKTYNA	11
IBRAHIM	11
EWITA	11
LIESBETH	11
TAYLOR	11
HUI	11
RACHAEL	11
INNOCENTA	11
ELLY	11
HUSSAIN	11
ADELGUNDA	11
BONNIE	11
ADRIENNE	11
ARABELLA	11
DEFNE	11
HENIA	11
POPPY	11
ESPERANZA	11
HWA	11
MAGADLENA	11
HANELORA	11
DELPHINE	11
TANJA	11
LIZ	11
MARIA URSZULA	11
AYŞE	11
MALAIKA	11
HAYDEE	11
VALENTYNA	11
WILHELMA	11
LOIS	11
KAYE	11
SHIRA	11
DEE	11
TRUDA	11
NAWOJA	11
NGỌC	11
GEORGIANA	11
WENECJA	11
ELLIE	11
IVETTE	11
DANIEL	11
SULTANA	11
ODA	11
KIMBERLEY	11
ISOBEL	11
LARYSSA	11
MARIA FRANCISZKA	11
JACKIE	11
SIDONIA	11
RUMENOVA	11
STEPHANIA	11
SYBILIA	11
THI	11
ANDREINA	11
SANDY	11
CANSU	11
AJSZA	11
SULTAN	11
LILITH	11
SIEGLINDE	11
JOSÉPHINE	11
WIOSNA	11
BORZYSŁAWA	11
RAHEL	11
JAZMIN	11
BOGUMILA	11
EDNA	11
CZESLAWA	11
GIUSEPPINA	11
PHOEBE	11
BEATRICZE	11
AYOMIDE	11
DROGOSŁAWA	11
FLORINA	11
LAVINIA	11
CORINNA	11
ZDZISŁAWA KAZIMIERA	11
IVANKA	11
KEIRA	11
HALIMA	11
ZENAIDA	11
MAGADALENA	11
ESMA	11
SIMA	10
TAM	10
RYWKA	10
ECEM	10
CLOE	10
EDELTRUDA	10
CONSTANZE	10
NORMA	10
BEA	10
LÚCIA	10
SYLENA	10
MARLEEN	10
SALI	10
CATHRINE	10
ALYSSA	10
AZIZA	10
SABBA	10
WITALIA	10
MIRIA	10
NGAN	10
NOËLLE	10
YOLANTA	10
EDELGARDA	10
LOREDANA	10
MARGRET	10
ASSUNTA	10
ADI	10
ULIANA	10
DIONIZJA	10
KAROLIINA	10
ZEHRA	10
ALIEVA	10
MARLEN	10
GILDA	10
ANDREE	10
TESS	10
SENDI	10
MARJA	10
JUDIT	10
ORNELLA	10
PATRÍCIA	10
SU	10
ADAOBI	10
MARIA BOŻENA	10
IRYS	10
NIKOLOVA	10
LYNETTE	10
MELIKE	10
MICHAEL	10
LUBOW	10
FRANCE	10
MIRKA	10
MAŁGORZATA KAZIMIERA	10
JADWIGA TERESA	10
CYPRIANA	10
DILAN	10
ANASTASIIA	10
TONI	10
OLSZYNA	10
ARIEL	10
OK	10
EDELTRAUTA	10
STAFANIA	10
OGECHI	10
KRUSZYNA	10
MAURYCJA	10
ANDRÉE	10
HYGINA	10
ANELIZA	10
SANTA	10
BRONISŁAWA KAZIMIERA	10
AISLING	10
CARMEL	10
KHADIJA	10
MANOJ	10
HILDE	10
ANNA BARBARA	10
SINGH	10
BERNICE	10
KAMELA	10
WENESSA	10
LUDMIRA	10
PIOTRA	10
LILJANA	10
AYESHA	10
GALIA	10
KORDELIA	10
OLESŁAWA	10
TALITA	10
IVANA	10
MELANI	10
JOANN	10
CECILIE	10
NICHOLE	10
YANINA	10
PLAMENOVA	10
SASZA	10
ABIGAJL	10
CHRISTELLE	10
VANDA	10
REBEKKA	10
FRANCZESKA	10
IREM	10
ZSÓFIA	10
RANIA	10
LIZETTA	10
MIHAYLOVA	10
THỊ	10
AGNÈS	10
KÜBRA	10
MARIA STEFANIA	10
EMIRA	10
LEENA	10
GIZEM	10
CHIDERA	10
LUBOSŁAWA	9
BARBARA KRYSTYNA	9
AKUA	9
MARITTA	9
ASTRA	9
GAYLE	9
GAUDENCJA	9
NOUR	9
ZENA	9
JAGA	9
VALENTINOVA	9
OLEŃKA	9
ŁUCJANNA	9
ELOISE	9
PRAKASH	9
UMA	9
ALIYAH	9
HASMIK	9
SWIETLANA	9
MICHAELLE	9
ARISA	9
ARWENA	9
DORINA	9
NAIMA	9
XIMENA	9
OLENKA	9
SEWERA	9
MIRYAM	9
JEANINE	9
MAEVE	9
SONYA	9
HENDRIKA	9
AYELEN	9
MARTINOVA	9
VITA	9
ILARIA	9
MARYNIKA	9
PRISCILA	9
MIRENA	9
CSILLA	9
RÓŻAMARIA	9
MACARENA	9
JOWANKA	9
MARJORIE	9
ODONA	9
BRUNA	9
HALINA MARIA	9
ULLA	9
DESTINY	9
ORCHIDEA	9
IZABELL	9
LOVISA	9
LIJA	9
JAKUBINA	9
ARABELA	9
FOTINI	9
AUGUSTE	9
RAFFAELLA	9
ŚWIATOSŁAWA	9
COLETT	9
KYLIE	9
EVITA	9
SIGRIDA	9
SZANEL	9
PANDORA	9
KARIOKA	9
ELFREDA	9
VICKY	9
ANGÉLIQUE	9
SEMIRA	9
BERENICE	9
ARIETTA	9
ARIKA	9
LAURENTYNA	9
AGA	9
ELIZABETA	9
SAVANNAH	9
BEYZA	9
DAYANA	9
NANA	9
MORGAN	9
VANINA	9
RADHIKA	9
ATIENO	9
WŁODZIMIRA	9
ARIANE	9
MACIEJKA	9
JAN	9
WENEDA	9
STEPHANY	9
WENANTA	9
ASLI	9
SINIKKA	9
ROZETA	9
IOANNA	9
CATHY	9
SHANTI	9
TATIANNA	9
FATOU	9
MIRABELLA	9
TRINITY	9
HIPOLITA	9
AVRIL	9
CAITLIN	9
ANDZELIKA	9
LAMBERTA	9
MARIZA	9
ELPIDA	9
KHANH	9
INGRYD	9
CATHARINE	9
LIZELOTA	9
GREGORIA	9
DOREEN	9
BÄRBEL	9
LOVE	9
ERAZMA	9
VENUS	9
MICHELL	9
WIECZYSŁAWA	9
ANISA	9
MARIA WANDA	9
MARGAUX	9
NATHALIA	9
YING	9
ALIZA	9
ZULA	9
LOREN	9
JOHANNE	9
HAN	9
TOMISŁAWA	9
CRYSTAL	9
ANABELLE	9
MARJATTA	9
ROMANNA	9
BERNADYTA	9
BURCU	9
AMBROZJA	9
CÄCILIE	9
VASILEVA	9
MARIAH	9
YOLANDE	9
ALEKSANDRA MARIA	9
FELISA	8
KRZYSIA	8
KRESCENCJA	8
CHINENYE	8
REGINE	8
KASSANDRA	8
BANU	8
KENZA	8
LILIOZA	8
MARLETA	8
MÉLANIE	8
OZANNA	8
DOROTEA	8
ALLEGRA	8
AZRA	8
GALA	8
ANASTASIJA	8
INÈS	8
RODICA	8
EZGİ	8
MACKENZIE	8
NADIEŻDA	8
EMILLY	8
RAVINDRA	8
MOIRA	8
DONA	8
DEEPAK	8
NILA	8
CARLOTA	8
MARCYNA	8
KSAWERIA	8
DEMETRIA	8
TULIA	8
INNA	8
MARKIZA	8
NOOR	8
VALÉRIE	8
MIŁOCHNA	8
JELENA	8
GERMAINE	8
SAWANA	8
TRACY	8
ANANDA	8
TEA	8
LATOJA	8
WIĘCZYSŁAWA	8
SORAJA	8
TOMIŁA	8
ZELIA	8
SUZANA	8
MAŻENNA	8
IULIA	8
BERTHA	8
JEANETTA	8
GRAŻYNA MARIA	8
MARIA KATARZYNA	8
LUCE	8
GAYA	8
ASYA	8
KSENA	8
ASTRIT	8
WŁODZISŁAWA	8
NGUYEN	8
IZIS	8
MILLIE	8
KHRYSTYNA	8
KIRSTEN	8
ARYA	8
SIMON	8
TUULIKKI	8
HARPER	8
AWA	8
DOMENICA	8
MAUD	8
ANAÏS	8
GAMZE	8
MARIETTE	8
LIISA	8
AMATA	8
GRZESŁAWA	8
RADOMIRA	8
KONSTANCIA	8
ARANKA	8
ROKSANNA	8
RÓZA	8
MARGALIT	8
PRINCESS	8
NIKANDRA	8
LUIZE	8
FRANCISKA	8
HILA	8
ADEOLA	8
SONITA	8
IZABELLE	8
EDIT	8
CHEYENNE	8
ANDRZELA	8
KRYSTYNA ZOFIA	8
IGNACA	8
IONA	8
CHANTEL	8
JIMENA	8
UYEN	8
DAMLA	8
BLESSING	8
DÉBORA	8
PULCHERIA	8
EDEN	8
ANN-MARIE	8
SURESH	8
SOFIIA	8
HATICE	8
TSAMBIKA	8
JANICE	8
IWANKA	8
VASILIKI	8
EMESE	8
ILSA	8
MADALENA	8
FAJGA	8
DÉSIRÉE	8
ALEXSANDRA	8
JOACHIMA	8
TODOROVA	8
GITLA	8
ANETKA	8
KRYSIA	8
EMANUELLA	8
SAMIR	8
ELSBETH	8
ANITTA	8
JEONG	8
DARLENA	8
CONCEPCION	8
BRITT	8
GEORGETA	8
SAKINA	8
HUGUETTE	8
DZIERŻYSŁAWA	8
BENIGDA	8
SEVGI	8
DANUTA MARIA	8
WALTRAND	8
DOROTHEE	8
SANA	8
ALISHA	8
JÓZEF	8
SADIE	8
WINIFRED	8
ZLATA	8
BEDA	8
CLARISSA	8
ISMET	8
RÓŹA	8
MARYA	8
DUONG	8
ZOË	8
ANDREIA	8
WITALISA	8
CHARLIE	8
LORIN	8
ANGIELA	8
WON	8
TRAUTE	8
HONORA	8
GABI	8
PAULE	8
MELA	8
BRUNHILDE	8
PANAJOTA	8
SANTINA	8
BOGUSLAWA	8
ROMY	8
KONSTANTINA	8
JORDAN	8
HAZAL	8
KARMELITA	8
JARYNA	8
ULANA	8
IFIGENIA	8
ANGELES	8
KATARZYNA MARIA	8
CYCYLIA	8
GERLINDA	8
EKSPEDYTA	8
PARASKIEWIA	8
ANNI	8
TIA	8
ROSINA	8
XENA	8
OR	8
ZOÉ	8
MARISSA	8
NISA	8
AFRODITI	8
SILWANA	8
MANON	8
BELA	8
MIJAL	8
FIORELLA	8
MARIA HALINA	8
QUYEN	8
MURIEL	8
MARGO	8
NNENNA	8
ARWEN	8
EWALDA	8
STANISŁAWA MARIA	8
MALIN	8
HƯƠNG	7
SARITA	7
TIZIANA	7
SHULAMIT	7
POLINA	7
DANINA	7
FANI	7
EUGENIE	7
SOON	7
ZDRAVKOVA	7
HERMIONA	7
SARAI	7
ANTONIETA	7
MAREN	7
ROZYNA	7
VLADIMIROVA	7
YAĞMUR	7
ELMA	7
MARIA JOANNA	7
KONKORDIA	7
NIEVES	7
ALMIRA	7
HELENA MARIA	7
ŻENATA	7
MAKSYMILIANNA	7
ARMELA	7
GIANNA	7
SLAVOVA	7
LUCIJA	7
BEGÜM	7
YEON	7
AMANI	7
BOŻANNA	7
TÜNDE	7
LULU	7
NORBERTYNA	7
ANNELISE	7
WALTRUDA	7
LUCILE	7
SHOSHANA	7
BIBLIANNA	7
CARYS	7
ALESIA	7
MAGALENA	7
ELLE	7
JANINA ZOFIA	7
DANIELE	7
WHITNEY	7
BERNADKA	7
ARZU	7
WIOLLETA	7
LETOSŁAWA	7
YONA	7
DAKOTA	7
TERENIA	7
BRITTA	7
BERFIN	7
SARBINA	7
RONJA	7
YANG	7
VIENNA	7
FLORENTINE	7
JEMIMA	7
MARIEKE	7
SOBIESŁAWA	7
ELISSA	7
GWEN	7
MARILYN	7
DARA	7
XUAN	7
BORZENNA	7
EMILI	7
JOCELYN	7
YANKOVA	7
JOVITA	7
NEILA	7
HILARA	7
NIJOLA	7
HULDA	7
DAN	7
STEFANIA MARIA	7
EVANGELINE	7
APOLINARA	7
ILEANA	7
BÜŞRA	7
YOKO	7
MICHALDA	7
MARIA CZESŁAWA	7
LUCILA	7
KAMAL	7
MARLIS	7
EZGI	7
RAJENDRA	7
NATASCHA	7
ALEYNA	7
PAZ	7
IRKA	7
ROSSANA	7
JESICCA	7
ANTONIE	7
MAŻENA	7
ROXANNA	7
BABETTE	7
SKARLET	7
HORTENZJA	7
ANDRONIKA	7
VIORICA	7
ROSWITHA	7
RAFAŁA	7
JANNA	7
MISZELA	7
YOSEFA	7
AMRITA	7
GORETA	7
LILJANNA	7
DOROTA MARIA	7
EVIE	7
ŚNIEŻANA	7
IMISŁAWA	7
EVIN	7
OLUWAKEMI	7
MARIA BOGUMIŁA	7
RUBINA	7
RIHANNA	7
OLHA	7
WSZEMIŁA	7
UTE	7
ARINA	7
DZESIKA	7
MEA	7
ROKSOLANA	7
LUCYLA	7
HÉLÉNE	7
ZOFIA TERESA	7
NASTASIA	7
MARGARETH	7
TEMITOPE	7
CARINE	7
GIORGIA	7
ELSTERA	7
ÉVA	7
OLCHA	7
MALCA	7
BRYGITTA	7
SAMIA	7
SITA	7
URSZULA MARIA	7
GENEVIÈVE	7
TERSA	7
FRANKA	7
DROGOMIRA	7
ASHA	7
HAYLEY	7
WISENNA	7
DOBROGNIEWA	7
EVELIN	7
NOREEN	7
GEMA	7
JAEL	7
NARIN	7
LIZETH	7
WALLI	7
BERNATKA	7
ONYINYE	7
BOGUSIA	7
KOSTKA	7
WIRDŻINIA	7
UNA	7
MARGARITTA	7
SALIMA	7
BETYNA	7
YAMINA	7
MILIANA	7
TELESFORA	7
SIEGRID	7
TRAM	7
SIMEONOVA	7
SVETOSLAVOVA	7
VALESKA	7
KASJOPEA	7
ASHANTI	7
BLANCHE	7
VANANH	7
MORGANE	7
GERTRUDE	7
MARIANN	7
ANISSA	7
ANNELIES	7
CLÉMENCE	7
ANICENTA	7
AINHOA	7
DOLMA	7
RAMESHBHAI	7
KHALIFA	7
CZEKINA	7
MARINELA	7
MICHELINE	7
SHELLY	7
CHINASA	7
SURI	7
GRAZIELLA	7
MARIA RÓŻA	7
HERMINE	7
ALEKSANDROVA	7
CLEO	7
IWANNA	7
ŚNIEGA	7
LUSIA	7
IVETTA	7
MERI	7
CHIDIMMA	7
ESME	7
BAHAR	7
LAURETA	7
SANDEEP	7
KEMI	7
LATOYA	7
NAZARETH	7
HÉLÉNA	7
LINDSAY	7
SUZI	6
GERMANA	6
CATHLEEN	6
EZECHIELA	6
HASANOVA	6
JASSICA	6
SUK	6
MALAK	6
ZAHIRA	6
THERES	6
ZARINA	6
WINONA	6
ARIELLE	6
ENYA	6
SAWERA	6
RALUCA	6
TEREZINHA	6
AŁŁA	6
ULRIKE	6
MARISOL	6
JOELLE	6
ORINA	6
EMMANUELLA	6
AMELKA	6
CASANDRA	6
NOÉMIE	6
PHILIPPA	6
ALICJA MARIA	6
KIRILOVA	6
WASILIKI	6
BÉATRICE	6
PHƯƠNG	6
JURANDA	6
AYLEN	6
DEZYDERIA	6
RANA	6
YULIA	6
KRYSTYNA JÓZEFA	6
ABDULLAH A	6
SHLOMIT	6
LAJA	6
THÉRÉSE	6
ALIANA	6
NECHAMA	6
NAINA	6
SAI	6
CHRISTIE	6
JUANITA	6
ISKRA	6
RÓŻANNA	6
NEFELI	6
ANGELINE	6
JOLENE	6
MARIELLA	6
YASMEEN	6
TERESA BARBARA	6
MARYTA	6
MONSERRAT	6
SIMRAN	6
HINDA	6
BICH	6
NONNA	6
MAGORZATA	6
AMPARO	6
BETHANY	6
BATOOL	6
ROZANETA	6
MAGDALENA MARIA	6
TERESA EWA	6
TABITA	6
ABDUL	6
EMILJA	6
HANNA MARIA	6
OTYLLA	6
WALERIANNA	6
KARMINA	6
JONATA	6
GAY	6
MILDA	6
CORDELIA	6
IMOGENA	6
LOREEN	6
YẾN	6
HEIKE	6
BRIGID	6
ROSALIND	6
KATALINA	6
MARIA LUIZA	6
EMILIANNA	6
BARBARA ELŻBIETA	6
RENETA	6
MARIANE	6
CHERUBINA	6
NJERI	6
SASHEVA	6
JANETH	6
JORDANA	6
BOLA	6
MELITTA	6
KAZIMIRA	6
EIRINI	6
ARLETTE	6
BLUMA	6
ZBISŁAWA	6
ROOS	6
ZANETA	6
MAKSIMA	6
DŻENIFER	6
IZYTA	6
RUVIMBO	6
IVETA	6
VLADIMIROVNA	6
AMINATA	6
PRISCA	6
MARIA RENATA	6
STEFANOVA	6
DARLENE	6
COURTNEY	6
NEPOMUCENA	6
SAFIA	6
MEREDITH	6
ANTJE	6
YAN	6
NAILA	6
MIŁKA	6
GIOIA	6
LENE	6
ALEKSNDRA	6
JOANNA MARIA	6
JILL	6
DE LOURDES	6
LIBERATA	6
ZILAN	6
ASHOK	6
GIULIETTA	6
BOGDANNA	6
SUNDARI	6
WIĘCESŁAWA	6
KOUR	6
UCHECHI	6
TERESA ELŻBIETA	6
INESA	6
JAGUSŁAWA	6
MARIEM	6
ORIT	6
BENEDETTA	6
SINDI	6
ADRIENN	6
MARIE-ANNE	6
FEDERICA	6
NORAH	6
JOSEPHIN	6
MARIA BRONISŁAWA	6
AILIN	6
JOVANKA	6
WANDA JANINA	6
LYUDMILOVA	6
SURA	6
TUYET	6
VERED	6
ZIUTA	6
ALISSA	6
OLIVE	6
ANTONINA MARIA	6
ABIOLA	6
JUTRZENKA	6
ANGELLA	6
ARIETA	6
HISHAM	6
WENATA	6
CORALIE	6
ZOFIA JANINA	6
CLEOPATRA	6
NKECHI	6
CAN	6
KRZESŁAWA	6
EMMANUELA	6
BEGUM	6
MELODIA	6
ELEN	6
AURIKA	6
JADWIGA BARBARA	6
ALEKOVA	6
EMERENCJANNA	6
RUBI	6
MAGALÍ	6
STANISLAVOVA	6
PRAKSYDA	6
DANAI	6
ANNA ZOFIA	6
JACOBA	6
IVA	6
ELISABETA	6
BATIA	6
MERIAM	6
TRAUDA	6
PRECIOUS	6
JOLENTYNA	6
ŁARISA	6
FANTA	6
ESI	6
KALUDIA	6
GIUSY	6
MEDEA	6
ANZELMINA	6
SAHRA	6
MAEBH	6
ALI A	6
BIBI	6
ABENA	6
VI	6
ZHIVKOVA	6
KOSMA	6
IWONIA	6
HUE	6
AKWILINA	6
LILU	6
CEYDA	6
LIZYSTRATA	6
WIEROSŁAWA	6
AKOSUA	6
LUCINDA	6
OXANA	6
MARIE-LOUISE	6
SYLWERIA	6
LAXMI	6
SAFIRA	6
MARETTA	6
DANUTA ZOFIA	6
LILKA	6
CHAVA	6
BELL	6
ALEKSIEVA	6
FLOR	6
KHAN	6
MILLY	6
MARINOVA	6
KONSTANZE	6
WIKTORIA MARIA	6
OKTAVIA	6
VIVIANNE	6
STACEY	6
NARINE	6
TOLISŁAWA	6
RAY	6
HALINKA	6
ŻENIA	6
DYMITRA	6
ASENA	6
ZORA	6
FUNMILAYO	6
DOMONIKA	6
MARGRETHE	6
YU	6
AGNESE	6
HELIN	6
ELŻBIETA TERESA	6
ROCHELLE	6
SIMHA	6
MADINA	6
ANNEKE	6
LUPITA	6
ANNA JANINA	6
ELEONOR	6
SUDE	6
JING	6
ANGELE	6
DILEK	6
SANJAY	6
DEMIROVA	6
ANNETA	6
KARA	6
WALKIRIA	6
DIEP	6
SUNSHINE	6
SUSANNAH	6
FATOUMATA	6
BINH	6
ŁAJA	6
DOBRONIEGA	6
JESUS	6
AUDE	6
JÓZEFA MARIA	6
REY	6
LILLIA	6
JUNONA	6
ISADORA	6
ACHIENG	6
EMEL	6
IONELA	6
AURELIE	6
IVAYLOVA	6
MARILENA	6
COROMOTO	6
ASUNCION	6
LEONI	6
SABRYNA	6
GILLIAN	6
CATRIN	6
MARIE ANNE	6
SEVIM	6
KRYSTIANNA	6
LAGERTHA	6
CATTLEYA	6
MARIA GABRIELA	6
CONSUELO	6
YAGODA	6
LEJA	6
ANSTAZJA	6
ELECTRA	6
MAGDALÉNA	6
MAMERTA	6
LE	6
LILIANNE	6
TERESA ZOFIA	6
RADHA	6
ELLENA	6
LAURETTA	6
IRWINA	6
AGNÉS	6
ZELDA	6
DITA	6
ORLENA	6
KEIKO	6
MYA	5
ERNESTINE	5
TARESA	5
JOLETA	5
KIKA	5
BAO	5
TRAN	5
MENUCHA	5
FRANCISCO	5
SILWIA	5
JUDY	5
ÓSK	5
MIRTHA	5
AHUVA	5
ITZEL	5
TERESA URSZULA	5
LUÍSA	5
RUVARASHE	5
ESMEE	5
LISETTE	5
ALONA	5
RENAE	5
MIGUEL	5
ZOFIA ANTONINA	5
MAFALDA	5
DALEBORA	5
AHMAD	5
BORZYNA	5
CLEMENCE	5
ZENAJDA	5
GIMENA	5
TING	5
ILIANNA	5
INMACULADA	5
DZIEWANNA	5
DE LOS ANGELES	5
JIE	5
OTTYLIA	5
JACGUELINE	5
FILIPOVA	5
MARIE LOUISE	5
REBECKA	5
MARISKA	5
BROOK	5
ANNA KATARZYNA	5
OLESIA	5
IRENA ELŻBIETA	5
PHILOMENA	5
NATALÍ	5
SHAKIRA	5
NAIR	5
VIERA	5
SHIRIN	5
KYOUNG	5
LANANH	5
SŁAWKA	5
RUMBIDZAI	5
LISELOTTA	5
ZEFIRA	5
GORETTA	5
IAEL	5
BATYA	5
OLIWA	5
MARIA WALERIA	5
PATRICE	5
ANNETTA	5
MARGRIT	5
AINE	5
KWIATOSŁAWA	5
GOLDA	5
ROZALINDA	5
LILIJANNA	5
LINN	5
KALIOPI	5
WŁADYSŁAWA MARIA	5
MIRIANA	5
NDIDI	5
WŁODZIMIERZA	5
HOÀI	5
MERIEM	5
SARAY	5
DUNIA	5
ZULEMA	5
ETTA	5
ANNIKKI	5
RACHELLE	5
ŻYWISŁAWA	5
EDYTTA	5
INGRIT	5
FULYA	5
SAROLTA	5
LUSI	5
ZIGLINDA	5
PINAR	5
GWIDONA	5
LEEANN	5
LESIA	5
CHANELL	5
QUỲNH	5
CHIKA	5
MALIA	5
NURIT	5
AGATE	5
TIFANI	5
AIMÉE	5
OCEANE	5
PASCALINE	5
IWET	5
HASAN	5
SAMAR	5
THOMAS	5
RAN	5
AYU	5
NALEDI	5
RIKA	5
KIRIAKI	5
KUBRA	5
HILAL	5
FIDELISA	5
MIRIAN	5
MAGDOLNA	5
OLENIA	5
GITA	5
THUONG	5
KARMELIA	5
ROSŁAWA	5
CHRYSTYNA	5
LALA	5
CANDY	5
RAJESHKUMAR	5
GERLINDE	5
APOLINA	5
SHILOH	5
ALIYA	5
BIRGIT	5
TARIRO	5
FOLASADE	5
OTYLDA	5
EUFENIA	5
MINIKA	5
MARIS	5
ANWAR	5
LILIT	5
CECILY	5
KAJSA	5
KRISTEN	5
KATINA	5
ERNESTINA	5
JULIA MARIA	5
KRISHNA	5
BRITTANY	5
NORIN	5
BERNA	5
VIKRAM	5
LISELOTTE	5
NADYA	5
CHINWE	5
ANDRÉA	5
INGELORE	5
SALEM	5
ELKA	5
KAYLEE	5
YOVCHEVA	5
ORIANNA	5
WERIDIANA	5
EUSTACHA	5
REDA	5
EHAB	5
MASOUD	5
MELTEM	5
BOGDANKA	5
CONCHITA	5
LÍF	5
ZIVA	5
JULA	5
DAVINA	5
CEMRE	5
CLARISSE	5
PIOTRYNA	5
MICOL	5
ANNAMARIE	5
ARGENTINA	5
TU	5
TITILAYO	5
ROSALINDA	5
MARIBEL	5
ROSSANNA	5
RYBANA	5
OLUWASEUN	5
ROZYTA	5
WALA	5
TEODORIA	5
MORENA	5
AMNA	5
THẢO	5
WANJIRU	5
MARIA AGNIESZKA	5
LIYA	5
ALARA	5
WACŁAWA KAZIMIERA	5
NARIA	5
GALIT	5
FLORIA	5
SEMA	5
CEYLAN	5
SILKE	5
RIBANA	5
LOUISE MARIE	5
NAIRA	5
MINERVA	5
ABDULLAH	5
MARCJANA	5
WAMBUI	5
HERTHA	5
HERUBINA	5
AKINYI	5
EWANGELINA	5
FLORE	5
NADIJA	5
KAROL	5
JONA	5
AGNIESZKA MARIA	5
DOMOSŁAWA	5
MILENOVA	5
IFE	5
TINH	5
WŁADIMIROWNA	5
ADINA	5
VIVI	5
STANISŁWA	5
LILLIANA	5
STANISLAVA	5
COLLETTE	5
GILA	5
GAL	5
MARGOTT	5
HANELORE	5
NERINA	5
TERESA ANNA	5
CHANNEL	5
CLELIA	5
SEVDALINOVA	5
ELİF	5
HELENKA	5
JEŻYNA	5
DONATELLA	5
MARZENKA	5
TEAGAN	5
JANINA TERESA	5
MONTSERRAT	5
SILENA	5
CHINWENDU	5
JENIFFER	5
ALDINOVA	5
SOPHIE MARIE	5
ELINOR	5
KOLEVA	5
ELZE	5
MARYKA	5
GIERTRUDA	5
DORIT	5
KANDYDA	5
JU	5
IMGARD	5
OANA	5
KATY	5
LUBINA	5
LIBERTA	5
KATALEYA	5
AULALIA	5
INDIANA	5
TUYEN	5
WASYLIKI	5
RÓSA	5
DELICJA	5
MILLENA	5
WALENCJA	5
MAXIME	5
SARIT	5
VIKI	5
HELANA	5
FORTUNA	5
BÍCH	5
CALISTA	5
KOLET	5
SENEM	5
HUA	5
WIRGILIA	5
JAZMÍN	5
LYLA	5
JAYE	5
ANNA KRYSTYNA	5
SYMONA	5
PAWEŁKA	5
MUSTAFA	5
BONITA	5
CHERIE	5
ROBIN	5
CHRISTY	5
RINA	5
ELEFTERIA	5
RADOSLAVOVA	5
ARMINE	5
CHERYL	5
LENKA	5
CHING	5
NICOLLA	5
LIBUSZA	5
KHALID	5
GABRYSIA	5
WIAROSŁAWA	5
MARIA MONIKA	5
GRAŹYNA	5
ANNA ANTONINA	5
BUSE	5
TIEN	5
ZYTTA	5
GRZYMISŁAWA	5
ANAT	5
URSEL	5
JAE	5
ŻORŻETA	5
AMALIE	5
ANKA	5
HOANG	5
PRZEMIŁA	5
JAMIE	5
NANDI	5
DANKA	5
KRZYSŁAWA	5
SRI	5
ANNA TERESA	5
BERNADETT	5
GRACJELA	5
TERESA JÓZEFA	5
JOÃO	5
BLUE	5
RACHIDA	5
ANYANGO	5
WIWIEN	5
OTTILIE	5
BŁAŻENA	5
MEDINE	5
EWARYSTA	5
SOFIYA	5
EKATERINA	5
LING	5
VESELINOVA	5
WAWRZYNA	5
JOSEFIN	5
WENANCJA	5
MAGDLAENA	5
MAGDAELNA	5
TERESA DANUTA	5
DEMI	5
HONOROTA	5
CONSUELA	5
KAMENOVA	5
MGDALENA	5
LEELOO	5
CLÉMENTINE	5
VITORIA	5
PIERRETTE	5
GORETTI	5
PHILIPPINE	5
LUBOMIRA KAZIMIERA	5
PING	5
MILKA	5
EWERYSTA	5
WISŁA	5
JULETTA	5
BENJAMINA	5
NHU	5
NOLWENN	5
RÓŻA MARIA	5
ŁUCJANA	5
DANISŁAWA	5
WIRA	5
FLORICA	5
RUSEVA	5
KHALED	5
VINCENZA	5
KETAN	5
RAJA	5
MAXI	5
VERONA	5
MALA	5
ADENIKE	5
MAGNOLIA	5
AILEN	5
FILIZ	5
CASEY	5
DINESH	5
NASTASSIA	5
KARI	5
DARJA	5
OCÉANE	5
ZORIKA	5
MAARIT	5
NANETTE	5
NATALY	5
KRSYTYNA	5
JOSEPH	5
CLOTILDE	5
DOGMARA	5
CEMILE	5
GENEVIÉVE	5
ADWOA	5
SERRA	5
OPHELIA	5
EDDA	5
RUSŁANA	5
ANNELIESA	5
SARI	5
MAILAN	5
AMBRE	5
GABRIEL	5
ANDZIA	5
SVETLANA	5
NICETA	5
MIROSLAVOVA	5
MARGARETTE	5
SIEGRIED	5
ÖZGE	5
MARIOLLA	5
GÖZDE	5
JARMIŁA	5
RUŻENA	5
JADRANKA	5
GHISLAINE	5
KAYAH	5
ÖZLEM	5
STANISŁAW	5
ZIEMOWITA	4
CLARISE	4
AYSHA	4
MARTA MARIA	4
ANOUSHKA	4
KETTY	4
TARJA	4
IMA	4
SAAD	4
ILONIA	4
MAYUMI	4
RONIT	4
ÉMILIE	4
ILIA	4
PARESH	4
MARINELLA	4
BERYL	4
SAHAR	4
STEFFI	4
EYLÜL	4
ROSELYN	4
KALLIOPI	4
WIKORIA	4
ŻYWILLA	4
MARIA HANNA	4
ENGELBERTA	4
ARACELI	4
TOCHI	4
ALEKSANDERA	4
OLUWAFUNMILAYO	4
MARIE MADELEINE	4
RYWANA	4
SUNNY	4
BONIFACA	4
TAIS	4
SEMILIANA	4
IWONA MARIA	4
MARIAMA	4
RAGNA	4
ERMIONI	4
HERA	4
LISSETTE	4
KRZYSZTOFORA	4
DALMA	4
JADA	4
SADIA	4
SOLOMIIA	4
QUINN	4
MEDINA	4
LIDIA MARIA	4
CICHOSŁAWA	4
JANIS	4
AVERY	4
JANISŁAWA	4
DEZYDERIUSZA	4
TRA	4
NEDZHIB	4
ROSY	4
LAN ANH	4
LAM	4
KHEIRA	4
DANIA	4
TERESA GRAŻYNA	4
DIYA	4
MARIT	4
CAMERON	4
ŁARYSA	4
SAMARA	4
CARMELLA	4
VIJAY	4
SAKURA	4
JESSIE	4
JOALNTA	4
RAINE	4
MÓNIKA	4
THU HIEN	4
KATEVA	4
KATEŘINA	4
MAŁGOSIA	4
VINIT	4
KEMAL	4
EZINNE	4
LIND	4
IMOGEN	4
MELODI	4
MÉLODIE	4
KRISTA	4
BARBARA TERESA	4
MONIC	4
OLEKSANDRIVNA	4
DASI	4
CANDELA	4
MÁRCIA	4
MARGIDA	4
DIZON	4
NOÉMI	4
RUCHLA	4
JADWIGA JÓZEFA	4
NOELI	4
ALESANDRA	4
RUTENDO	4
KORYNNA	4
EMANUELLE	4
HAMZA	4
TERESA MICHALINA	4
MAGDLENA	4
HOAI	4
DWOJRA	4
ABIGAJ	4
WALTRAUTA	4
RAHIMA	4
KAROLIN	4
KONSTANTA	4
MALINI	4
AMIDALA	4
KHADIDJA	4
BOLESŁAWA KAZIMIERA	4
BIBIJANNA	4
YAFFA	4
EWANGELIA	4
WAIRIMU	4
ESIN	4
SVITLANA	4
LIAN	4
FATIMAH	4
ERZSÉBET	4
IRYDA	4
ABDULLAHI	4
KRISTÍN	4
DIYANOVA	4
AGNISZKA	4
EURALIA	4
STANISŁAWA KRYSTYNA	4
AE	4
SUDHIR	4
BRYGITA	4
FILIPPA	4
ARTI	4
HEIDRUN	4
ALEKSANDA	4
CATRIONA	4
HELLEN	4
ABDULLAH M	4
EMY	4
LALITA	4
WIOLANTA	4
SHELBY	4
TRACEY	4
LUCI	4
ALETTA	4
ELŻA	4
RÉGINE	4
ALEKANDRA	4
JASNA	4
TIHOMIROVA	4
LETÍCIA	4
OMAR	4
JAGUSIA	4
KLEO	4
DHAVAL	4
HADAS	4
LAURINE	4
GORGONIA	4
PARI	4
ALITA	4
FATIHA	4
RAPHAELA	4
JOLANTA MARIA	4
SINEM	4
LAKSZMI	4
KANI	4
VALERIEVA	4
LAMIS	4
ROZAMUNDA	4
KALISTA	4
SIOBHÁN	4
HELENA ELŻBIETA	4
SANTOS	4
MAGDALINI	4
CARMELINA	4
GIUSEPPA	4
WIESIA	4
BOHDANNA	4
INGIBJÖRG	4
ISOLDE	4
LORNA	4
IWANOWA	4
LEONCJA	4
EIRA	4
GUL	4
GRASYLDA	4
AKSYNIA	4
JI	4
ELŻBIATA	4
NAYDENOVA	4
LUIGIA	4
ELÉONORE	4
ASHISH	4
YULIIA	4
RENEÉ	4
PARAG	4
ALLA	4
AIKATERINI	4
NASTASJA	4
ANGIE	4
ANASTACIA	4
CHAYENNE	4
GINEVRA	4
BEATRYCJA	4
ANNASTASIA	4
NAYA	4
PAUL	4
STANISŁAWA TERESA	4
ANASTASJA	4
ŻENETA	4
LEONGINA	4
ELIZABETH MARY	4
AJAYKUMAR	4
LOPES	4
YAFA	4
MAYELA	4
SIRIN	4
EURELA	4
JADWIGA ANNA	4
COLETTA	4
MAHENDRA	4
FEIGA	4
ZENONIA	4
TRAMI	4
KADIR	4
SYMEONA	4
TELLERVO	4
ROŻA	4
IULIANA	4
NURCAN	4
BARCELONA	4
ABBAS	4
ONA	4
DIVA	4
ZIPPORA	4
SILVIEVA	4
HEIDEMARIE	4
NEA	4
ANUNCJATA	4
VIOLETOVA	4
RADIKA	4
HAI	4
DEVORA	4
HALINA BARBARA	4
OTTILIA	4
FREDERIKA	4
EMMELINE	4
XAWERA	4
IBOLYA	4
HANY	4
IMMACOLATA	4
ANIUTA	4
DEBRA	4
ONOME	4
FABIEN	4
IRA	4
NIKOLETT	4
MARIA ANIELA	4
ILDEFONSA	4
AINA	4
YULIYANOVA	4
DONISŁAWA	4
HADAR	4
ANJALI	4
GAYATRI	4
ABIMBOLA	4
CZANITA	4
BRIANNE	4
SALOMÉ	4
LONIA	4
ANAHIT	4
SIVAN	4
KRYSTYNA ANNA	4
MILEY	4
AMARANTA	4
TERESINHA	4
BAŞAK	4
MARIKO	4
ALDA	4
BOŻENKA	4
RANDA	4
MARYSE	4
MARIONETA	4
KONWALIA	4
TOMKA	4
IRMELI	4
ISMAILOVA	4
SCOTT	4
MAŻANNA	4
AMIT	4
HYE	4
RYE	4
WODZISŁAWA	4
MANUELLA	4
ŚNIEŻYNA	4
SATYA	4
ANTONI	4
RAZIA	4
DIDEM	4
ANABELL	4
LIBA	4
METTE	4
AYALA	4
MOHAMMED A	4
OKSANNA	4
HAILEY	4
ESTRELLA	4
IMANE	4
URANIA	4
WERONKA	4
ENIOLA	4
MAJ	4
SORCHA	4
LUDOMIERA	4
KONSTANTINOVA	4
ANNA JADWIGA	4
HELA	4
NAHIR	4
YUNA	4
ILAYDA	4
BARBARA WŁADYSŁAWA	4
VARVARA	4
KIM ANH	4
IREN	4
YUKI	4
BOGUDARA	4
HELLA	4
ALMUDENA	4
ARMIDA	4
CLOÉ	4
PANKAJ	4
SATU	4
LINNÉA	4
SHIR	4
AHMED A	4
ANAHITA	4
MAKSI	4
LILIJA	4
SALEH	4
BERNARD	4
ROS	4
ROLANDE	4
VICTOIRE	4
MUHREZ MEHIMED	4
SYLVANA	4
INESS	4
KHLOE	4
ALIDIA	4
OVERGAARD	4
IARA	4
WALENTYNA MARIA	4
BLAKE	4
APHRODITE	4
ANTOSIA	4
ARLENE	4
JOSIANE	4
EWA TERESA	4
AKSANA	4
ZULEJKA	4
INETA	4
ILUMINATA	4
SYWLIA	4
PUTU	4
ZILA	4
SÓL	4
BJÖRG	4
AKEMI	4
KATRIINA	4
CHINTAN	4
ELISABETE	4
PERNILLA	4
AUGUSTINA	4
ANNELIZA	4
LIBERA	4
ARYSTYDA	4
PARVIN	4
ANELIA	4
DEMET	4
MISCHEL	4
DJAMILA	4
MILKOVA	4
MAŁGORATA	4
TOLIMIRA	4
JITENDRAKUMAR	4
SAADET	4
ROXANE	4
KATARINE	4
PIERA	4
BENTE	4
ORNELA	4
TERESA WŁADYSŁAWA	4
FARHANA	4
HYANG	4
PATIENCE	4
KRISTYNA	4
ATANAZJA	4
MADONNA	4
GENOVEFA	4
ŻAKELINA	4
ADANNA	4
MEGI	4
MARLIES	4
SOLEIL	4
MARIA REGINA	4
GRETE	4
VINOD	4
NOGA	4
KADIJA	4
SIMONETTA	4
PREMA	4
ILDIKO	4
FILOMEA	4
CHANDRASHEKHAR	4
MICHALINA KAROLINA	4
VINH	4
LILLIANNA	4
PINA	4
OSZKA	4
FATHIMA	4
AMIE	4
LOJOLA	4
MELCHIORA	4
TRUC	4
FAUSTINE	4
WIENCZYSŁAWA	4
MAGDALEN	4
DOLORIS	4
KATRIONA	4
ADHIAMBO	4
ZORIANA	4
TRA MY	4
SAID	4
ANIELKA	4
IRIEL	4
EVGENIEVA	4
LIBERTAD	4
ROXY	4
ŚWIETŁANA	4
ANNA MARTA	4
MLADENOVA	4
ISIS	4
ZAKI	4
IZADORA	4
INKERI	4
AVIVA	4
CYRYLLA	4
MALGOSIA	4
BERNABA	4
RAJESHBHAI	4
RILEY	4
PETKOVA	4
ELIZE	4
PETER	4
MELODIE	4
LISBET	4
NEFRETETE	4
PHYLLIS	4
RADYSŁAWA	4
ALI M	4
IOLANDA	4
LULA	4
LUBOV	4
NAJNA	4
CATHRIN	4
RZEPICHA	4
ESRA	4
NGUYET	4
OLWIA	4
HANDE	4
ŻERMENA	4
TALI	4
IRINI	4
ŻYWILA	4
PIOTRUSIA	4
JOLEEN	4
ELEFTHERIA	4
LETITIA	4
MIECZYSŁAW	4
MISAKI	4
MILICA	4
BENATA	4
SANIA	4
JOËLLE	4
EVANTHIA	4
JOLANTE	4
ANU	4
SOLANA	4
BILHA	4
LORENZA	4
RAFALINA	4
MEHMED	4
TERESA FRANCISZKA	4
GHASSAN	4
KERRY	4
ROSI	4
DUYGU	4
ANNITA	4
GINETTE	4
MIOARA	4
WALDTRAUT	4
ELŻBETA	4
IN	4
SELİN	4
HILLARY	4
HONEY	4
NİSA	4
RAFFAELA	4
BINA	4
RADOSTINOVA	4
ABI	4
IMEN	4
ANTONINA TERESA	4
WAQAR	4
SAFIYE	4
MARJANNA	4
DORCAS	4
KRYSTYNA HELENA	4
APOLINARIA	4
ÇAĞLA	4
ANNA IRENA	4
MARIOLETTA	4
BROOKLYN	4
EWA ANNA	4
HENNY	4
VEGA	4
BARBARA MAŁGORZATA	4
GITEL	4
NEVAEH	4
BASSEM	4
OGNYANOVA	4
NELIDA	4
TUULIA	4
HIGINA	4
EMELY	4
DAFNI	4
DELILAH	4
NIL	4
ESZTER	4
BOGUSŁAWA KAZIMIERA	4
MERITA	4
MIKAYLA	4
LIBI	4
SAGA	4
WERONIKA MARIA	4
AGLAJA	4
JENNA	4
SAMMY	4
ANAIT	4
ALOIZA	4
GUNILLA	4
MIEROSŁAWA	4
NIKOLET	4
MAŁGORZATA EWA	4
INGEBURGA	4
SADAT	4
FAVOUR	4
LINDSEY	4
SIEGLINDA	4
DILIP	4
IWANOWNA	4
MOHAMMED S	4
TERESA JANINA	4
SWITŁANA	4
ENRICA	4
MIROSLAVA	4
SÓLEY	4
ADELLA	4
SYNDIA	4
STEPHANE	4
CÉLIA	4
ALYA	4
SERWINA	4
BEVERLY	4
BETUL	4
PRINCESA	4
HALINA TERESA	4
SOFIA MARIA	4
AGIESZKA	4
AYÇA	4
YUN	4
SIENA	4
HÜLYA	4
NHAN	4
LIS	4
MARETA	4
SZOLASTYKA	4
MAGDALENA BARBARA	4
ZOFIA ELŻBIETA	4
ORYSIA	4
TALIA	4
CERYLA	4
KUNIGUNDA	4
KRISZTINA	4
YILDIZ	4
KATARZYNA BARBARA	4
UCHECHUKWU	4
RAHUL	4
ANNA EWA	4
ARYANA	4
DEBBY	4
DEMIREVA	4
GALINOVA	4
COSIMA	4
LYDIE	4
GRETTA	4
AMINE	4
GAJANA	4
GÖKÇE	4
CHIDIMA	4
MARSHA	4
ELLINOR	4
DANAE	4
MANDY	4
JOLANTA ZOFIA	4
MARUSIA	4
HALE	4
STAVROULA	4
GAURAV	4
VESPER	4
ZEHAVA	4
SEZGIN	4
CRISTIANE	4
ORSOLYA	4
DEMETER	4
YAA	4
MISHEL	4
HAIA	4
TASSADIT	4
AGNESZKA	4
SHEVA	4
JAMES	4
NICOLINA	4
ELBIETA	4
ALAA	4
HUSSEIN	4
JANINA BRONISŁAWA	4
THÙY	4
ANULA	4
BOŻYNA	4
BERIT	4
JITENDRA	4
JASMIJN	4
SOO	4
SŁAWENTYNA	4
ASSIA	4
DAROSŁAWA	4
AGAPE	4
SYRENA	4
ELŻBIETA ANNA	4
ASHLEIGH	4
DOROTHÉE	4
BARBARA EWA	4
ANAND	4
FILADELFIA	4
IKA	4
SEZEN	4
GODZISŁAWA	4
KALI	4
SOTERA	4
ŚNIEŻNA	4
AISCHA	4
LIEL	4
JERZYNA	4
ISA	4
STAR	4
KLÁRA	4
HILARY	4
ABIR	4
KAORI	4
ANAYA	4
MIGLENOVA	4
SAWINA	4
HYUSEIN	4
MERETE	4
ROXSANA	4
EMELIE	4
POZIOMKA	4
MARIA ROZALIA	4
BELITA	4
JULIANNE	4
LYNA	4
OLUWATOYIN	4
WINCENCJA	4
AMANDINE	4
CALLA	4
CIRI	4
ROSS	4
STANSŁAWA	4
THÚY	4
FIRMINA	4
BUKET	4
SHANI	4
NOELLA	4
RIA	4
ANTONINA KAZIMIERA	4
KELECHI	4
MARGERYTA	4
YUMI	4
ANNIINA	4
FAISAL	4
INGARDA	4
ALESKANDRA	4
IMANI	3
MINH ANH	3
REESE	3
OLIANA	3
ERDZHAN	3
EWINA	3
MARIE-CHRISTINE	3
SUZETTE	3
DANITA	3
VALERIIA	3
LIAT	3
ANGE	3
ADRIANNE	3
ZEINA	3
SANNA	3
HIREN	3
ADEBIMPE	3
JOANETTE	3
YAGMUR	3
SHADE	3
NAANA	3
ANNET	3
SALIMOVA	3
EFTYCHIA	3
AXELLE	3
JASEMIN	3
WIESŁAWA MARIA	3
MOHAMED SAAD	3
JOLANTA JADWIGA	3
FRANKIE	3
ANŻELINA	3
MALTA	3
SAHARA	3
MANETA	3
ADAŚKA	3
MYLTOFT	3
ILENA	3
SZCZĘSNA MARIA	3
LÍA	3
HENRICA	3
IFEOLUWA	3
INDI	3
SAM	3
İLAYDA	3
TEOFILIA	3
NATALIIA	3
ESTEL	3
WRÓCISŁAWA	3
IRIA	3
RAMESH	3
BOŻESŁAWA	3
KAETHE	3
ZAMIRA	3
KENNEDY	3
JASIM	3
JULETA	3
BŁAŻEJA	3
SADE	3
DZINA	3
VIKTORIE	3
NGOC ANH	3
HANNALORA	3
WARWARA	3
LEILANI	3
BARNADETTA	3
MANILA	3
PIROSKA	3
JAGUELINE	3
QUIAMBAO	3
JOAO	3
DIANNA	3
ZOFIA STANISŁAWA	3
SAULE	3
DAINA	3
ALYCE	3
HARLEEN	3
YOANNA	3
ANNA-MARIE	3
LUJÁN	3
MISIA	3
THALIA	3
JAZZ	3
ANNUNZIATA	3
EWA GRAŻYNA	3
JOLÁN	3
GUSTYNA	3
JOLANTA ELŻBIETA	3
AWIETA	3
LUDOSŁAWA KAZIMIERA	3
KAREEM	3
DIANITA	3
MARIOLETA	3
SABINA MARIA	3
PAULIINA	3
ŻANIN	3
GÖKSU	3
WEI	3
MARIA TEODOZJA	3
JAI	3
NETA	3
KAZIMIERZ	3
MÉLISSA	3
SIRKKA	3
KARIM	3
KATERINE	3
CHARLINE	3
ILLUMINATA	3
HORSKAER	3
FREIA	3
OLGA MARIA	3
ZDOBYSŁAWA	3
NALA	3
SARAHI	3
NAUZYKA	3
ANATALIA	3
WANDA BARBARA	3
NAZLI	3
CECÍLIA	3
ANNA URSZULA	3
ALBERTINE	3
NOVA	3
MAŁGORZATA BARBARA	3
MARYIA	3
GIRMA	3
ELŻBIETA DANUTA	3
PEMA	3
REYES	3
VÉRONICA	3
CHINAZA	3
REINA	3
VICTORINE	3
RIYA	3
MERSEDES	3
MAŁOGORZATA	3
TIÊN	3
OLANDA	3
LILOU	3
TRINIDAD	3
BESTE	3
NADEEM	3
NAZIF	3
SOLONGO	3
JESSY	3
EILA	3
MARIA LIDIA	3
BERNADYKTA	3
MARGRÉT	3
TIFFANIE	3
LAIMA	3
DOLLY	3
ARJA	3
SANJAYKUMAR	3
DOLORESA	3
BERONIKA	3
ENOLA	3
ECRIN	3
KRYSTYNA JANINA	3
ETEL	3
EIMEAR	3
MARINETTE	3
VÂN	3
RAMADAN	3
MAHER	3
CORAL	3
CHARMAINE	3
RAJNHILDA	3
SOLOMIJA	3
MORIA	3
MONTANA	3
TRINH	3
JANINA WANDA	3
ELONA	3
ZHANG	3
HEIDEMARIA	3
LONDON	3
DEJZI	3
DŻEMILA	3
JACENTYNA	3
GESIKA	3
ERAZMINA	3
EFTHIMIA	3
DUDU	3
ATALIA	3
STEFANA	3
PÉLAGIE	3
YAMILA	3
HENRIIKKA	3
DOMINIQE	3
ANNA MAGDALENA	3
MARJAANA	3
GISEL	3
RAJENDRABHAI	3
WINICJA	3
SHEA	3
MINERWA	3
XING	3
NAM	3
DASZA	3
ILONKA	3
JESSE	3
PATRIA	3
PEGGY	3
VENECIA	3
HAGAR	3
WINETA	3
ELIZAVETA	3
JOVANA	3
DEL VALLE	3
MILEVA	3
RAYA	3
MARIE-THÉRÉSE	3
PANAYOTOVA	3
HAREEM	3
ELEANORA	3
EBBA	3
CARA	3
IRELAND	3
LORENTYNA	3
CANDELARIA	3
LUSINE	3
SZCZEPANIA	3
WELINA	3
SOLENE	3
HANDAYANI	3
WALTRANT	3
ANTONOVA	3
WINCZYSŁAWA	3
KALSOOM	3
KRYSTAL	3
ROSENOVA	3
MARIE FRANÇOISE	3
BOŻENNA JADWIGA	3
SULIKA	3
ELIZABETH MARIA	3
FARRAH	3
SAGE	3
MIGUELINA	3
WERENA	3
LUDOVICA	3
SANG	3
MARCYJANNA	3
KAZMIERA	3
LAMPRINI	3
MYRIAN	3
KHANH LINH	3
NILDA	3
OFKA	3
MARIA ALICJA	3
EVANGELIA	3
ALBERTINA	3
DOLOROSA	3
PRÆSTEGAARD	3
MANSOOR HASAN	3
JOSEPHA	3
ZENISŁAWA	3
RABIH	3
GRISELDA	3
CHANNA	3
NIMET	3
EMMY	3
ROBERT	3
PRZYBYCHNA	3
KHÁNH	3
MAIKA	3
BEATRIS	3
DE JESUS	3
ALIAH	3
HEIDE	3
GAURI	3
LEOPOLDINA	3
VASYLYNA	3
HIRA	3
DYTA	3
IGNACIA	3
PADMA	3
JADZIA	3
EMMI	3
DALITA	3
ISIDORA	3
EVRIM	3
MUSHKA	3
PRASHANT	3
ROMEA	3
ELONORA	3
WILLOW	3
YIN	3
SEVDOVA	3
JOHANNA MARIA	3
PRYSKA	3
ABISOLA	3
ISHA	3
IKRAM	3
DRZESIKA	3
LIZET	3
SHARIF	3
YOUSEF	3
KATRÍN	3
GWINONA	3
PATYRYCJA	3
PARASKEWIA	3
SHELLEY	3
BILGE	3
MAIRE	3
EZZAT	3
QUY	3
ARIANNE	3
MARIA-MAGDALENA	3
CELIN	3
BREUM	3
EFFIONG	3
MOYA	3
JANINA ANNA	3
DANUTA EWA	3
GYONG	3
MARYANN	3
MAISA	3
LIANE	3
MARIE BARBARA	3
TERESA HELENA	3
HARDING	3
ANNA DANUTA	3
ABRA	3
ANANKE	3
TZIPORA	3
ÁNGELA	3
OSMAN	3
LUCERO	3
BOGUWOLA	3
MARGUERITTE	3
NWANNEKA	3
ALEKSANDROWNA	3
PULINA	3
OLINDA	3
ZŁATA	3
MARIE-PIERRE	3
ZORZA	3
ELŻBIETA FRANCISZKA	3
BENEDICTE	3
DAMILOLA	3
AI	3
EZZELDIN	3
ADRIENNA	3
SHRIKANT	3
SOLOMON	3
KTYSTYNA	3
MARGRETE	3
ASHLING	3
MOUNA	3
ZINAJDA	3
DARIANNA	3
SIMCHA	3
PHOENIX	3
AMBRA	3
GRACIE	3
NOAM	3
BRANDLA	3
MARIA WIESŁAWA	3
LAURIE	3
NAJA	3
NÓRA	3
ARSENIA	3
ANDRIA	3
TUULI	3
ANAHI	3
COSMINA	3
RIANA	3
MONIKA MARIA	3
OYINDAMOLA	3
JADIWGA	3
ELŻBIETA JANINA	3
NALIN	3
KADI	3
FELICITA	3
JACLYN	3
FATME	3
GABY	3
ANNA WIKTORIA	3
KRYSYNA	3
FREDERIQUE	3
TSVETANOVA	3
HAWA	3
CYLINA	3
MARIANGELA	3
GERALDYNA	3
ARTEMIA	3
KRYSTYNA KAZIMIERA	3
HAMID	3
IFEYINWA	3
ADALIA	3
LEELA	3
ANGELI	3
ROZALIE	3
BOŻENA JADWIGA	3
REA	3
ŞULE	3
OLUCHUKWU	3
SAPPHIRE	3
RHIAN	3
FOLAKE	3
HẠNH	3
MAŁKA	3
GOTFRYDA	3
MATHEA	3
GALLA	3
BOŻENA MARIA	3
JOLANTA TERESA	3
CANAN	3
HARLEY	3
JANUARA	3
ATMA	3
ALIN	3
TASNIM	3
ANNA GRAŻYNA	3
RHIANNON	3
LIDYA	3
THAKORBHAI	3
AGUNG	3
HYACYNTA	3
SZAJEN	3
DOMINICELA	3
ELMAS	3
CHU	3
NNEOMA	3
KRYSTYNA STANISŁAWA	3
MAREIKE	3
ZOFIA HELENA	3
AGREPINA	3
IZABELIA	3
GIFT	3
EMILIIA	3
MATHYLDA	3
BERNARDYTA	3
NESE	3
MERYAM	3
FREJDA	3
OTILIA	3
CARIN	3
LACHEZAROVA	3
KRISTEL	3
WANGARI	3
GENE	3
ELŻBIETA JADWIGA	3
ALEKSNADRA	3
CYTA	3
ZENOWEFA	3
MAJID	3
KLARISA	3
ALEKSANRDA	3
KATINKA	3
MANISH	3
MIŁOWANA	3
EMILIA MARIA	3
WELIKA	3
SZIRIN	3
CANDICE	3
GIA	3
DRAGNEVA	3
MIRIANNA	3
CARIDAD	3
IJA	3
BHARATBHAI	3
ŻEGOTA	3
DESIRÉE	3
LOTKA	3
MARIA JULIA	3
ELEONORE	3
REMEDIOS	3
ILKOVA	3
SWAPNIL	3
KAMALA	3
SPERANTA	3
LYUBENOVA	3
MAGDALENA ZOFIA	3
SA	3
SATURNA	3
MIDORI	3
DOMINIK	3
ALEXANDRINA	3
DENISSE	3
KATARZYNA ZOFIA	3
BRIGITE	3
DINESHBHAI	3
NYARKO	3
SONA	3
JADWIGA URSZULA	3
NAHLA	3
ASTERA	3
DENIS	3
KAJLA	3
DYONIZJA	3
BURHAN	3
LASANA	3
LYLY	3
WESELINA	3
ROZALINA	3
INESSA	3
JUNA	3
DANUTA IRENA	3
HIKMAT	3
ZACHARIEWA	3
CHANTALLE	3
EMER	3
LEANN	3
SUNIL	3
GERTRAUD	3
DANUTA ELŻBIETA	3
DANUTA TERESA	3
YASHAROVA	3
BARBAR	3
MESUA	3
SANEM	3
RAJKUMAR	3
FELICE	3
SAMARTH	3
MANAL	3
AREVIK	3
MARIE CATHERINE	3
KONSTANCE	3
LEONILA	3
OLINA	3
DALIANA	3
LOUIZA	3
MARIA MARTA	3
VALERY	3
KATARZYNA TERESA	3
KALINDI	3
ZYLIA	3
RASHA	3
SZCZEPANA	3
SCHARLOTA	3
SHELI	3
LYUBOMIROVA	3
DARIUSZA	3
FEYZA	3
STEPHANI	3
DEEPIKA	3
GENOVEVA	3
MARIN	3
JAŚMIN	3
RÓŻENA	3
ATHANASIA	3
CHIZARAM	3
STEFANIA WANDA	3
PREET	3
WINIFREDA	3
MARIE THÉRÈSE	3
HASNA	3
SAMANDA	3
GAËLLE	3
WENEFRYDA	3
ABA	3
ANELISE	3
ELDA	3
SAHIRA	3
WIENISŁAWA	3
AYAH	3
CHONG	3
MADALINA	3
ORA	3
AMMA	3
ANIELA ANNA	3
KONSTANDINA	3
AKTER	3
KATHRINA	3
MARIA JOHANNA	3
MAIRA	3
TAUBA	3
BISEROVA	3
GISSELLE	3
ELŻBIETA WIKTORIA	3
ALEKSANRA	3
WALI	3
ANIKO	3
HEN	3
DIPAK	3
TERESA STANISŁAWA	3
AZIZ	3
GEORGIE	3
ELFI	3
SALSABIL	3
JOLANNA	3
SIA	3
ANGIOLINA	3
NIMFA	3
ELISHA	3
KIM LAN	3
IMRAN	3
PORANEK	3
PAOLINA	3
ALABAMA	3
SUNNIVA	3
BUSRA	3
TAISSA	3
VIKTÓRIA	3
IDALLA	3
GUDULA	3
VALENCIA	3
AARICIA	3
AILÉN	3
MECHTYLDA	3
TADZIA	3
TSITSI	3
EMILII	3
ALISE	3
NOEMIE	3
HARESH	3
MERYL	3
DAGMA	3
MIECZYSLAWA	3
VIVEK	3
ELFRIDE	3
VASILICA	3
ARTUR	3
WEN	3
AMILIA	3
IQBAL	3
MERCY	3
BHAGWAN	3
KWAN	3
ZDISŁAWA	3
ADELHEIT	3
AURORE	3
BEILA	3
STEFANOWA	3
GYÖNGYI	3
COMFORT	3
MAZAL	3
SOFII	3
NARCISA	3
NGÂN	3
THANDIE	3
YOGESH	3
DANIELOVA	3
NESMA	3
LAYNE	3
ANNELORE	3
ALEKSANDRA EWA	3
ARIADNE	3
PRYSCYLLA	3
CAYENNE	3
INDAH	3
VENICE	3
LECHIA	3
ELZONIA	3
NENSI	3
REN	3
CELA	3
HAO	3
ESOSA	3
AYTEN	3
ALEKSANDROVNA	3
IDIA	3
JOASIA	3
KATZRYNA	3
CLAIR	3
ITALIA	3
ARNETA	3
NIHAD	3
POLIKSENA	3
KATHERYN	3
HENRIKE	3
MÁRTA	3
ANGÉLE	3
JOHN	3
EMELINA	3
ANNA ELŻBIETA	3
MARIE JEANNE	3
MIYUKI	3
BETA	3
LOANA	3
FATHI MOHAMMED	3
BARTŁOMIEJA	3
SABIHA	3
GÉRALDINE	3
NICHOLA	3
SABRIA	3
ZOIA	3
TALLULAH	3
POLIKARPA	3
EMINA	3
FREYJA	3
MCKENZIE	3
MARLETTA	3
SALEEM	3
ALOJZIA	3
ROSEANNE	3
LETTY	3
ALKESANDRA	3
MARIA LUCYNA	3
DOROTKA	3
ABHIJEET	3
RENEA	3
RUKIA	3
LORELEI	3
RAZ	3
KAYRA	3
ANIELA MARIA	3
MIRNA	3
MARIA PIA	3
SIGLINDE	3
MOTUNRAYO	3
LORELEY	3
JOSÉE	3
ANNA FELICJA	3
LECHA	3
FRANK	3
PATRICJA	3
CAOIMHE	3
RAIN	3
NEELA	3
CATHERINA	3
MARCELINE	3
NADZIEŻDA	3
SVILENOVA	3
WANGUI	3
VIKTOROVNA	3
PATRICIE	3
ANUSHKA	3
THANH LAN	3
LIUBOV	3
JULIKA	3
SILJE	3
ROMKA	3
BANO	3
PIETRYNA	3
SEREN	3
VIOLLETA	3
ZEINAB	3
FRANCA	3
TAREQ	3
DAO	3
KLIO	3
JEANE	3
MIRAY	3
MALI	3
ZURI	3
SURESHBHAI	3
SAPIR	3
VIVIENE	3
MAURELA	3
CLEA	3
MARIA WERONIKA	3
ADAORA	3
VICKI	3
SEN	3
JOANITA	3
MINE	3
KAMEL	3
VIRA	3
MELIHA	3
TỨ	3
MUSTAFOVA	3
CONSTANTINA	3
YANET	3
SATHYA	3
SANJA	3
BORISLAVOVA	3
ARMELLE	3
IVELINOVA	3
FADIA	3
FAWAD	3
BERTHE	3
THỦY	3
MIRJANA	3
AZUL	3
SHERIN	3
HANNA-LORA	3
BEGOÑA	3
BERNARDKA	3
BIRGITTE	3
RHEA	3
SIL	3
IPEK	3
CHELSEY	3
ARIENA	3
AMÉLIA	3
MAVIS	3
SELENE	3
SARINA	3
BEGAM	3
DIMITROWA	3
PARYCJA	3
JAVED	3
BUDZISŁAWA	3
WIWIAN	3
NEWENA	3
ANTIGONI	3
ZELIHA	3
ZOEY	3
YASHAR	3
DERIN	3
MIRZA	3
SHAHAR	3
LETICJA	3
KELLIE	3
OLAWIA	3
MICHELLA	3
GIGI	3
LORENCJA	3
ERDENE	3
OLATOKUNBO	3
LUZMILA	3
WANDA IRENA	3
MERLE	3
ZYGRIDA	3
IMTIAZ	3
GIULIANA	3
KADEK	3
SANNE	3
NATALA	3
MAŁGORZATA ZOFIA	3
MARJOLA	3
NICKOLA	3
CYRIA	3
MARKA	3
LISBETA	3
ANELA	3
LHAMU	3
AUSTIN	3
KYLA	3
IWONA TERESA	3
ALBENA	3
ILZE	3
DAGNE	3
DALE	3
BAZYLA	3
PRAVINBHAI	3
ZEYNEB	3
MARKETTA	3
SZE	3
MARIA ELISABETH	3
YURIEVNA	3
SAWRINA	3
POLIANNA	3
GRAŻYNA EWA	3
NOY	3
JANULA	3
DE LA CARIDAD	3
ROSALINE	3
RADEGUNDA	3
STACY	3
ULINA	3
BRONISŁAWA MARIA	3
MAŁGORZATA ELŻBIETA	3
STANISŁAWA JANINA	3
JARZĘBINA	3
FAE	3
USAMA	3
ARAYA	3
AKACJA	3
METODIEVA	3
AMATULLAH	3
TOSŁAWA	3
VENTSISLAVOVA	3
OZLEM	3
SANAA	3
LEONILLA	3
ALEKSJA	3
NEHIR	3
MAGDELENA	3
RICHARDA	3
TUĞÇE	3
MARIA WALENTYNA	3
NINO	3
MAGDALENA JÓZEFA	3
ZOFIE	3
UCHENNA	3
PIRITTA	3
CHRYSTEL	3
IRMTRAUT	3
GEORGIEWA	3
VERITY	3
PAVLOVA	3
HENRIKA	3
ROMANINA	3
MARIEVA	3
ANNA HELENA	3
TATENDA	3
ELI	3
TANAKA	3
MARYLINE	3
ADNAN	3
SIAN	3
LIBBY	3
FEBA	3
TERESITA	3
SAVINA	3
ANDRADA	3
PARVATI	3
SIGNE	3
LIM	3
ASHLEE	3
AVINASH	3
DEJANIRA	3
WICENTYNA	3
FIORA	3
IXCHEL	3
IVETT	3
DERHEM	3
CLAUDIE	3
KRYSTYNA ELŻBIETA	3
MILENKA	3
YI	3
EMERENCJA	3
NURA	3
ARKADIUSZA	3
SANELA	3
SEON	3
ANKE	3
MIYA	3
TERESIA	3
UZOAMAKA	3
EDVIGE	3
ANIL	3
MEERA	3
KUBACKA	3
JERMINA	3
HELENA BARBARA	3
GRAINNE	3
KARENINA	3
ERI	3
AKIKO	3
DUNJA	3
MAGDALENA ANNA	3
ADIA	3
ANINA	3
JAY	3
LUDMILLA	3
FATMOVA	3
MARIA KONSTANCJA	3
COLLIEN	3
VIVIANNA	3
ALEXANDER	3
UCHE	3
NADEEN	3
NEMEZJA	3
BARBARA MARIE	3
INTI	3
ABIGEIL	3
NOCOLE	3
ESOHE	3
ONYINYECHI	3
JOHNSON	3
ANDREEVA	3
ANTONETTE	3
ANASTASSIA	3
YASIR YASEEN	3
MALWINKA	3
SCHARLOTTE	3
WŁADYSŁAW	3
IDZIA	3
HALA	3
ESHAL	3
HERMINIA	3
MARIE HELENE	3
ZOFIA KRYSTYNA	3
SEHER	3
JANNINA	3
FATHI	3
SHAY	3
LEV	3
MARET	3
HELENA MARTA	3
MAGDALENAA	3
ABIKE	3
JUNO	3
MARIA ANASTAZJA	3
ALIX	3
NEVE	3
AJAY	3
MELİSA	3
KARISHMA	3
SEVERINOVA	3
KRYSTYNE	3
WILHELMINE	3
ALIANNA	3
AWANA	3
MAILINH	3
TINGTING	3
ANASTASIYA	3
BRONIA	3
FRANIA	3
JOLINE	3
ENA	3
THAIS	3
ADDISON	3
ABDALLA	3
STNISŁAWA	3
EMALIA	3
DORTHE	3
LIEVE	3
RAHMA	3
MARIONILA	3
ASUNTA	3
SANDRINA	3
LORDES	3
GAMAL	3
AVIN	3
ANNINA	3
LENI	3
NADIIA	3
LUDWIKA WANDA	3
ANNA JULIA	3
JUN	3
TACHMINA	3
RADA	3
PAMELLA	3
WANNESA	3
ALVA	3
CHAIA	3
ELYSE	3
JAWIGA	3
SHILA	3
NURAY	3
MALWA	3
HẰNG	3
MIKOŁAJKA	3
NATHALY	3
JÓZEFA WANDA	3
DURU	3
HADASSA	3
JACYNTA	3
ZI	3
HANNE	3
MUHAMMAD	3
LEEA	3
MIŁOŚĆ	3
ALI H	3
ALESSA	3
PAWLINA	3
ADELINE	3
ZEKI	3
IBRYAM	3
KILIANA	3
MOHTEZ	3
YANA	3
OCEAN	3
SHIREEN	3
ADJOA	3
RAMANBHAI	3
MARIAMI	3
YEE	3
METIN	3
TERESA IRENA	3
NEVENA	3
ASTER	3
MOSTAFA	3
KRYSTYNA MARTA	3
VIJAYBHAI	3
WILIA	3
WYNNE	3
ŚNIEŻANNA	3
OLEKSA	3
INANNA	3
SAVA	3
FRANCISZKA MARIA	3
STEFANIIA	3
ADELHEIDA	3
FELICJANNA	3
LUDMIŁA MARIA	3
LIZELOTTA	3
MAGPAYO	3
JADWIGA WŁADYSŁAWA	3
ALISSON	3
ABBY	3
WILA	3
RAJU	3
HEAVEN	3
ANDRIANA	3
WIACZESŁAWA	3
ZETTA	3
TERESA ANTONINA	3
MARIE SOPHIE	3
RÓŻA-MARIA	3
TYFANI	3
CARLY	3
STELINA	3
ZOHAR	3
TIANA	3
XI	3
KRASTEVA	3
IFUNANYA	3
NONA	3
TUĞBA	3
RUXANDRA	3
LIESA	3
STEWART	3
VENESA	3
SONATA	3
ADRIANE	3
DEVIKA	3
KAMILLE	3
YESENIA	3
ANTHONIA	3
BORISOVA	3
ADLA	3
RAISSA	3
EUZEBIUSZA	3
MEG	3
DANUTA ANNA	3
FAUSTA	3
ANDRA	3
ROMANOVNA	3
MUTHONI	3
EVA MARIE	3
LIZA MARIA	3
NEELTJE	3
NELLIE	3
MARGARETT	3
ETELVINA	3
ALDIN	3
MICHÉLE	3
FERN	3
SUZANN	3
ROJZA	3
ANEL	3
MARIA ROMANA	3
MIRABEL	3
FARAG	3
BOHDA	3
LÉNA	3
DIORA	3
ROJDA	3
WING	3
PELAGIA KAZIMIERA	3
PANAGIOTA	3
SHIREL	3
MADELENE	3
AGNIES	3
ALICA	3
SARRA	3
KARLOTTA	3
ŞEYMA	3
MICHIKO	3
DUC	3
ANN MARIE	3
NIA	3
RAVZA	3
FIFI	3
CORRINE	3
NIRA	3
LEONIŁA	3
MARIA CHRISTINA	3
MORALES	3
ZOFIA JÓZEFA	3
JANINA KRYSTYNA	3
MARGITTA	3
ADAUGO	3
ANIELA TERESA	3
NATALYA	3
TERESA KRYSTYNA	3
LIMOR	3
TERESA MAŁGORZATA	3
DOLOROZA	3
KUNAL	3
FELIXA	3
ISMINA	3
KALINKA	3
IVON	3
BIERUTA	3
SZAROTKA	3
RURUP	3
NOELEEN	3
VENEZIA	3
ELŻBIETA IRENA	3
GAMAL AHMED	3
ELONIA	3
ANNASTAZJA	3
HẢI	3
ENID	3
REINE	3
ZAHRAA	3
DALAL	3
BEATA HELENA	3
JEEVAN	3
BETTI	3
TUNDE	3
VIPULKUMAR	3
BRYGITTE	3
REKHA	3
MOUSA	3
LUCKY	3
ERZSEBET	3
SEMRA	3
GWYNETH	3
EWA MAŁGORZATA	3
MADITA	3
SWETLANA	3
KRISTI	3
ELERI	3
BLAIR	3
TADESSE	3
NASIMA	3
NIKOLAEVNA	3
MICHAELLA	3
BOGUMUŁA	3
MARISHA	3
NEPOMUCYNA	3
ERIS	3
KISAINA	3
MAARIA	3
BOŻENNA BARBARA	3
PARADISE	3
DEL ROSARIO	3
SAMUEL	3
BAYA	3
EKATERINI	3
RIWA	3
NELY	3
TRADYCJA	3
ALWIRA	3
DOROTHA	3
TOLENTINO	2
EVELIINA	2
GODYSŁAWA	2
STANISŁAWA MAŁGORZATA	2
MARIA BENEDYKTA	2
ARLET	2
EWA ELŻBIETA	2
JASMEEN	2
BARBARA HELENA	2
DE LOS MILAGROS	2
CHADIA	2
BARBARA PELAGIA	2
NEHAMA	2
SIMONI	2
HAYDEN	2
GRAŻYNA TERESA	2
WENENTYNA	2
BASEM	2
MARIE-LUISE	2
LOMBE	2
FLÓRA	2
WIELISŁAWA KAZIMIERA	2
MALAJKA	2
RENSKE	2
KENDRA	2
DARINKA	2
CEZAR	2
SUWDA	2
ZIPI	2
AYMAN	2
RAMI	2
CARLINE	2
SATIA	2
RAJIV	2
ARTEMI	2
M.	2
HAJAR	2
NANAMI	2
FELA	2
SHARLEEN	2
LEAL	2
OLUYEMISI	2
EMAM	2
SHAN	2
MAAN	2
WANDA ZOFIA	2
EFRAT	2
GOŁDA	2
LIOR	2
MARIA ADELA	2
RADEGONDE	2
EVI	2
JANINA WŁADYSŁAWA	2
DZIUNISŁAWA	2
THUY ANH	2
PERES	2
ESPERANÇA	2
SAMIHA	2
ŻANETT	2
TABEA	2
DYBDAHL	2
HANAH	2
MARIAMAGDALENA	2
SAFFRON	2
SZARLOTTE	2
FIDELIA	2
HAMED	2
KEZIAH	2
MASAKO	2
DOMINGOS	2
JAGDISH	2
ETEMENZI	2
MIGNON	2
RHODA	2
RENI	2
LUBOMIERA	2
MUJINGA	2
SIMAY	2
NAHIDA	2
RUFARO	2
SEUNG	2
SKAIDRITE	2
BALDEVBHAI	2
ALEXANDRE	2
JOLANTA WANDA	2
GUANZON	2
ILJANA	2
LEONIŁŁA	2
CZECH	2
OLAYEMI	2
IRSA	2
NING	2
SHAHED	2
THANDIWE	2
THULAN	2
WYSZOMIRA	2
ANDZELA	2
STORM	2
SEDEF	2
MINNIE	2
SUJATA	2
KERALA	2
CHAN	2
KANIZJA	2
SAJANA	2
KATLA	2
MARIE-CLAIRE	2
SIN	2
NANNA	2
NYABOKE	2
SYLWENA	2
NURHAN	2
ANNA-LIZA	2
PELA	2
KHADIGA	2
MARZIA	2
ANNNA	2
URIELA	2
DADA	2
RAYMONDE	2
SCHARLOTTA	2
ANNY	2
DINH	2
REONALDA	2
JAGUELINA	2
HARIKA	2
YOSSEFA	2
WANDA ALICJA	2
SMITA	2
HAF	2
PRAVINKUMAR	2
CHINAELO	2
JOLLIE	2
DENICE	2
KRYSTYNA ALEKSANDRA	2
İKRA	2
AYO	2
ILKA	2
OLUWASHOLA	2
SEPHORA	2
REHMAN	2
NANOVA	2
TIKVA	2
SZANELA	2
HAYDÉE	2
KIRSTY	2
SUSI	2
SZEJLA	2
GRAFINIA	2
WKTORIA	2
ZUZAN	2
SELINAH	2
MARIA SALOMEA	2
GYUNAL	2
FANY	2
HATIM	2
NABILA	2
EULALLIA	2
KADER	2
SOPHY	2
CHRETIEN	2
ANNA KLARA	2
KOSEVA	2
NIRIT	2
AMALYA	2
HIJACENTA	2
AHATA	2
MIZA	2
OLITA	2
YULIYA	2
IRMGART	2
ARLINA	2
KAFUI	2
GERTRAUDE	2
QUYNH ANH	2
NAVA	2
GISSEL	2
EMILKA	2
IBUKUNOLUWA	2
CONNIE	2
CORALINE	2
LARASATI	2
STAMATIA	2
EYLUL	2
AMELE	2
BÜSRA	2
RACHAELA	2
DESIRE	2
ADEEL	2
OUMOU	2
ARVINDBHAI	2
MARCZELA	2
PRASAD	2
MIMOZA	2
EVONNE	2
MC KENZIE	2
NUBIA	2
NIMESH	2
SERAFINE	2
GUNHILD	2
LOBO	2
REYA	2
MARIANOVA	2
SADIQ A	2
JAVELLANA	2
WAN	2
ITTA	2
OTOLJA	2
SORIANO	2
LUH	2
PIJA	2
ROZANETTA	2
SHEKBAL	2
UYÊN	2
GANGA	2
SAORABH	2
ADELKA	2
MILENE	2
NARINA	2
KSENIYA	2
LEOPOLDIA	2
FARA	2
SELEN	2
VINTHER	2
SURENDRA	2
DAISA	2
ALEXEEVNA	2
CHELSY	2
ALICJA KRYSTYNA	2
NATHALE	2
ANNETT	2
ALEIDA	2
SANDOVAL	2
ZHASMINOVA	2
ELOY	2
MECHTHILD	2
FRANÇOISE MARIE	2
QUEEN	2
ZUHAL	2
GILDEGARD	2
JYOTI	2
INOCENTYNA	2
GRAZINA	2
SACHA	2
IP	2
MWANGI	2
DIONE	2
ONUFRA	2
PIETERNELLA	2
KASUMI	2
HONG LOAN	2
BHARATKUMAR	2
HILARYNA	2
SETORA	2
PIETRUSIA	2
TEUTA	2
ONYEKACHI	2
KOSTADINOVA	2
SAVITRI	2
ANDONA	2
JIAYING	2
IRFAN	2
EVA MARIA	2
AYHAN	2
ABDULQADIR	2
HORTENCJA	2
DARYNA	2
KERIMA	2
ANDRE	2
BENEDIKTA	2
RICA	2
SZAFIRA	2
KAPEL	2
ANNA KATHARINA	2
MARIE STÉPHANIE	2
CHEMUTAI	2
DORORA	2
FAIGA	2
KACZMAREK	2
BLANDINE	2
IULIIA	2
MALALUAN	2
NECHA	2
SUMITRA	2
MOHAMMED HASAN	2
LAMIITA	2
CECEYLIA	2
GÜLLÜ	2
KARMELINA	2
PRIMA	2
DOROTHE	2
GENI	2
HELOIZA	2
TERESA ALICJA	2
ALIX MARIE	2
GRENATA	2
IA	2
MARTA EWA	2
WANJIKU	2
ARVIND	2
OMOLOLA	2
GRAŻYNKA	2
MACY	2
GULNARA	2
ALEENA	2
MARIA LILIANA	2
MUZA	2
KRYSTNA	2
HABIBE	2
STEFA	2
HAWANA	2
MINHANH	2
MÉABH	2
MAIALEN	2
MELIDA	2
JADWIGA FRANCISZKA	2
KYA	2
LENORE	2
MŚCISŁAWA KAZIMIERA	2
ZAHARA	2
HORTENSE	2
HRUSHIKESH	2
DEWI	2
AMIRAH	2
MERLENA	2
BLAISE	2
POLLYANNA	2
BRYNN	2
MARGERITTA	2
WESAM	2
AISSA	2
MINDEL	2
ENIA	2
EBERECHUKWU	2
EMILCE	2
AISLINN	2
SYBILLE	2
LITOSŁAWA	2
MUENI	2
HENDRIKA MARIA	2
PASQUALINA	2
DEVINA	2
FELOMENA	2
GÜLCAN	2
LALLA	2
SYCYLIA	2
ESSAM	2
LIHI	2
JONNA	2
SERAFIA	2
UNKA	2
MÜZEYYEN	2
HAWABSH	2
SUKHDEV	2
JANELLE	2
OMENA	2
SHIMRIT	2
TARIQ	2
RIVANA	2
HAMDY	2
SUSIE	2
MYRNA	2
SALMAN	2
BERRA	2
LITKA	2
AZALIA	2
ALLIA	2
SERENITY	2
NARIMAN	2
VERONIGUE	2
JAWAD	2
KAUSHIK	2
GUNVANT	2
IMMAKULATA	2
GERGANA	2
WIKA	2
KUNIGUNDE	2
SOUAD	2
ELŻBIETA MAŁGORZATA	2
THO	2
IMENE	2
TRA GIANG	2
MARWA	2
SELCAN	2
KEILA	2
ESTELL	2
PRAVIN	2
EMMALINE	2
PALLAVI	2
LAURIEN	2
EVONA	2
ENRIQUETA	2
IO	2
MARIE CLAUDE	2
NENITA	2
PIMAN	2
RODI	2
RESI	2
JADWIGA STANISŁAWA	2
MYKOLAYIVNA	2
LĂCRĂMIOARA	2
HOLY	2
SEPIDEH	2
HALINA IRENA	2
KASSYLDA	2
KHADY	2
KATARZYNA MARTA	2
ŻONETA	2
GERALDINA	2
TJADEN	2
AVELINA	2
BARBARA CAMILLE	2
OSASOGIE	2
ZUBAIR	2
TRÀ	2
TVEITEN	2
TIYA	2
DUFIE	2
YAǦMUR	2
NEEL	2
ÁSDÍS	2
NATASJA	2
MARYKE	2
IMTNAN	2
JANILA	2
BRUNHILD	2
BRASK	2
SŁAWENA	2
DAMINI	2
JASICA	2
RIZKI	2
KSEMENA	2
MAYLA	2
MARCJA	2
ALEXANDROVNA	2
GABRIELA MARIA	2
SHERIF	2
SENTA	2
DHARMA	2
GOŚCIMIŁA	2
FERMINA	2
WENENCJA	2
ESCADA	2
KASPRA	2
CHIZOBA	2
MAŁGORZATA ALEKSANDRA	2
MIGLE	2
MARIDA	2
SUSSANA	2
TEMIDA	2
ERYKAH	2
DEIRDRE	2
HABIB	2
PETROVNA	2
MONG	2
ARDEN	2
ILIADA	2
ANDRZEJ	2
HESHAM MOHAMED GALAL	2
HUÖNG	2
LIDZIA	2
MARIA JOSEFA	2
NORO	2
WILCHELMINA	2
HELMI	2
NORDYKA	2
RYSZKA	2
LUCRECIA	2
LEXI	2
IRMENA	2
BISGAARD	2
OLIVIA MARIE	2
CONCEIÇÃO	2
LIU	2
DELA PEÑA	2
TARYN	2
ŁADA	2
AGNESSA	2
UGOCHI	2
ELŻBIETA URSZULA	2
YUI	2
DHIRAJKUMAR	2
LIUBOW	2
LILIJANA	2
ALLEN	2
ZORIA	2
HANAN	2
DALENA	2
CARMELITA	2
WILIANNA	2
JAMELIA	2
AZUCENA	2
RAHAYU	2
ADÉLE	2
MARIA HENRYKA	2
QING	2
GALATEA	2
EROL	2
ADAMIRA	2
AMENZE	2
JACKA	2
LIZETA	2
TITHI	2
ENRIQUEZ	2
AYSEL	2
JANAT	2
RUSLANA	2
SAMUELS	2
MONAHAN	2
ABBIE	2
HATEM	2
JADWIGIA	2
BARBARA HALINA	2
IBRAHIM M	2
ZOJE	2
SCHANTAL	2
WENANDA	2
RYSŁAWA	2
LIGJA	2
MARIA THERESIA	2
ELBA	2
MYRA	2
STOWE	2
NAUZYKAA	2
JOANNA KRYSTYNA	2
ZUCHRA	2
KHAMIS DAHAM	2
ZONJA	2
LOUISE HELENA	2
SĘDZISŁAWA	2
IDJA	2
NONYE	2
THI ANH	2
WALDBURGA	2
ANNA HALINA	2
NOORA	2
MOA	2
VICTORIA ELISABETH	2
CRUZ	2
JENTA	2
NAHAR	2
NGAT	2
TERESA RENATA	2
SANTIAGO	2
ANNA FRANCISZKA	2
ILIJANA	2
EVA STIK	2
UL	2
ELEONOROVA	2
MARIE-THÉRÈSE	2
ABDULLAH H	2
ELŻBITA	2
LUCREZIA	2
MOHAMED GOUDA SALEH	2
PELIN	2
LATINA	2
TERESA WERONIKA	2
GWIAZDA	2
BELKIS	2
THANH MAI	2
SALDUA	2
SAMY	2
SILJA	2
ROSALI	2
KORDELA	2
MARINNA	2
MANEL	2
JONES	2
TENDAYI	2
BINTOU	2
VALENTIA	2
ADEDAYO	2
WALEED	2
JOLANA	2
LUCRETIA	2
JOZIA	2
EWA KRYSTYNA	2
MONIA	2
MONIKA TERESA	2
KANTILAL	2
DAMINIKA	2
LILENA	2
DREW	2
VANUZA	2
SHERWOOD	2
WELDA	2
DŻULETTA	2
NINH	2
MASSIEL	2
SYMFORIA	2
MAGED	2
ANTONETA	2
ALFRYDA	2
RAZAN	2
REGINA JANINA	2
ZBIGNIEWA KAZIMIERA	2
PRZEBORKA	2
ELVAN	2
BERNADIA	2
ADAM	2
DİLARA	2
ELIZABETH ANN	2
ALINA STANISŁAWA	2
ORYSŁAWA	2
NAYELI	2
DENİZ	2
DIAMANDA	2
TERESA BOGUMIŁA	2
MANANA	2
NEVA	2
DUYÊN	2
IRENATA	2
DARMIŁA	2
ENZA	2
MIRALDA	2
BEDRIYE	2
SAIRA	2
SHAKED	2
HOSSAMELDIN	2
ANE	2
JANY	2
KATARZYNA JOLANTA	2
HASENA	2
EIKO	2
WIŃCZYSŁAWA	2
KHALIDA	2
FADEKEMI	2
FALKA	2
ANNA NICOLE	2
KRISTELL	2
JEANNE MARIE	2
GABRYLA	2
FADY	2
MADALYN	2
ELVIRE	2
GIRISH	2
CILA	2
RAJKA	2
MERCI	2
WIRIDIANA	2
ELAINA	2
HUBERTYNA	2
ROSSA	2
ANNALISA	2
LEVANA	2
RICHARD	2
PIUSA	2
SZATANIK	2
LUBINKA	2
KAZIMIERA WANDA	2
JANINA BEATA	2
AUDRINA	2
IFESINACHI	2
FAWZI	2
THUY DUNG	2
JADWIGA HELENA	2
WŁODZIMIERA KAZIMIERA	2
LIBIA	2
VELASCO	2
KAGENDO	2
DAWIDA	2
ZORKA	2
ANNE-SOPHIE	2
YELYZAVETA	2
YEŞIM	2
SISSY	2
UZOCHUKWU	2
ARAÚJO	2
EDINA	2
RAIM	2
GARCIA	2
LUCYNA MARIA	2
HELOISE	2
MARIA LUDMIŁA	2
ARIKE	2
WIĘCESŁAWA KAZIMIERA	2
KENNA	2
JADWIGA IRENA	2
CRISTIN	2
CORIN	2
BOŻENA TERESA	2
WANJERI	2
ZENUTA	2
KOFOWOROLA	2
LUMINITA	2
CHARLOTT	2
TUTA	2
HAJRA	2
JAWNUTA	2
RAINA	2
IRENA KRYSTYNA	2
TRANG ANH	2
MERAL	2
MUKUL	2
ALDANA	2
OGWU	2
AXANA	2
PRISKA	2
LAURETTE	2
AUDE MARIE	2
PARVEEN	2
CELESTINE	2
HULYA	2
CHANDRA	2
RAMCHANDRA	2
MAGDALENA AGNIESZKA	2
MARIA PAOLA	2
CHIYERE	2
WIRGINA	2
ELISABETH LOUISE	2
GRANT	2
SILIMUILA	2
NIZA	2
JULIA ALICE	2
LAMARA	2
KOZETA	2
BOGINA	2
DEMILADE	2
TOSCA	2
MAGDALNA	2
MAUDE	2
BOGDANA KAZIMIERA	2
SLOANE	2
MARIE IRENA	2
HỒNG	2
ANTONINA AGNIESZKA	2
SZAKIRA	2
KAZIMIERA DOBROCHNA	2
ISOLDA	2
EKUA	2
CAITLYN	2
BOŻYDAR	2
JERUSHA	2
DARY	2
YASUMI	2
MOHANBHAI	2
MARIE FRANCOISE	2
ZOFIA EUGENIA	2
TSERING	2
JOCELYNE	2
SHERAZ	2
SHANA	2
ELEA	2
PRESILLA	2
BRIDGETTE	2
ZINEB	2
HAITAM FATHI	2
GNIEWKA	2
GEARTSJE	2
LO	2
MYKHAILIVNA	2
SHANIKA	2
OCTAVIE	2
AYUMI	2
IRENEUSZA	2
TAMMY	2
IRMIRA	2
RADOCHA	2
LEONINA	2
CARMIT	2
YUME	2
AMARACHUKWU	2
MITRA	2
JOYCELYN	2
MARIE ALICE	2
KIM PHUNG	2
JAGWIGA	2
ADAKU	2
LENARDA	2
HANIFE	2
DEVORAH	2
CALINA	2
LONISŁAWA	2
ALDONKA	2
BRODIE	2
BETELHEM	2
BOŻENNA MAŁGORZATA	2
HOAN	2
SAFINAZ	2
ULJANA	2
HARUKO	2
INEZJA	2
ZETA	2
JAMINA	2
GODWIN	2
IWELINA	2
THEKLA	2
SIBYLLE	2
KATARZYNA ANNA	2
KANUBHAI	2
ALIMA	2
CORNELIA MARIA	2
IWIETA	2
ANGIELINA	2
LILLYANNA	2
MARIA WIKTORIA	2
VĚRA	2
TILLY	2
ADHAM	2
YESICA	2
SURIA	2
PIOTR	2
ELIASZA	2
ALEV	2
ADETOUN	2
SZYSZKA	2
FATEMA	2
HALINA ANNA	2
JOLANTA BARBARA	2
OLUREMI	2
SILVIE	2
AFAF	2
MARCELIANNA	2
LAURINA	2
FIAMA	2
KWIRENA	2
EDWARD	2
MARYLKA	2
MIKI	2
SENIA	2
ARISTEA	2
ANJELIKA	2
SUMAIA	2
PERŁA	2
ELITA	2
VIRIDIANA	2
SEIFEDDIN	2
ZHULIETOVA	2
EVERDINA	2
LOIDA	2
IMACULATA	2
RUKIYE	2
VIMBAYI	2
ANNE BRIGITTE	2
EILIDH	2
ARMELLA	2
CZESŁAWA MARIA	2
KHANUM	2
HAVEN	2
LIEPA	2
VICTORIA MARIE	2
ŻENISŁAWA	2
MAGA	2
MAGDALENIA	2
AYDAN	2
HELENA JADWIGA	2
WILSON	2
JADWIGA DANUTA	2
OMEGA	2
KAHINA	2
LIDIA TERESA	2
KSENIIA	2
BRIDGID	2
CHRISTINA MARIA	2
KAZIA	2
MUNIRA	2
LILLIE	2
MARIA JUSTYNA	2
STINE	2
BERNDETA	2
ZENKA	2
UMESH	2
NEGIN	2
LIKA	2
MARLIT	2
ABEBE	2
HILEN	2
ADELIA	2
ASHRAF	2
PALESA	2
KRISTIANA	2
DELGADO	2
ROCKETT	2
HELAN	2
LIAQAT	2
THÉRÈSE MARIE	2
ZOLA	2
ELIZBETH	2
LINETA	2
GARDENIA	2
NANNY	2
HECHAM	2
PASCUA	2
EUGÉNIA	2
STAV	2
ADEEB	2
INETTA	2
SONIKA	2
VÉRONIKA	2
ALDONNA	2
KECJA	2
HANICENTA	2
KATARZYNA JÓZEFA	2
DRAGOMIRA	2
HADI	2
BOŻENNA KAZIMIERA	2
JÓZEFA STANISŁAWA	2
NOWINA	2
VALYOVA	2
PAULIN	2
VITÓRIA	2
CESIRA	2
COLET	2
BRONIŁAWA	2
NORIKO	2
GULIA	2
TERESA JADWIGA	2
SAMAN	2
ZAINA	2
SONISŁAWA	2
EMIŁOWA	2
ATA	2
SADAF	2
BEATRICA	2
KISHAN	2
MARLÉNE	2
TANINA	2
EMILIA ANNA	2
ABDELFATTAH	2
CLEMENTINA	2
MARIA MICHALINA	2
BOŻENNA JANINA	2
SALWA	2
AJIT	2
OLAWUMI	2
LORENE	2
DOROTA ELŻBIETA	2
ISZTAR	2
SELWESTYNA	2
ALEKSANDRA KRYSTYNA	2
SU ANN	2
PEME	2
CHAWA	2
DŻULIA	2
ROHITKUMAR	2
ATIKA	2
LIAQUAT	2
JOEL	2
KORI	2
JACEK	2
FRANISZKA	2
ADELGUNDE	2
XIN	2
JAYANT	2
UMAR	2
STOYCHEVA	2
LOIZA	2
ANSELMA	2
HEINTZ	2
SIDNEY	2
HYLDA	2
HASSAN M	2
ROSSITA	2
DYANA	2
KLEOTYLDA	2
MARIA JUSTINA	2
ALEKSANDRA DANUTA	2
SAYURI	2
ELIISA	2
WESTON	2
FREDYTA	2
ARVENA	2
TONISŁAWA	2
OUMAIMA	2
MARLENI	2
ETELKA	2
WANDA KATARZYNA	2
CHUN	2
SHAUNA	2
CHRISTYNA	2
MANSWETA	2
REGINALDA	2
KIELT	2
YISHAN	2
DƯƠNG	2
SVENJA	2
TERÉZIA	2
BOGUMIŁA MARIA	2
RICHELLE	2
ALEKSADRA	2
MAŁGORZATA TERESA	2
SUMAYA	2
KWIETOSŁAWA	2
BLANDINA	2
MARIA CHRISTINE	2
LJILJANA	2
JENSEN	2
NEFERTITI	2
IRYKA	2
AKASH	2
SOLEY	2
BAONGOC	2
JANINA STANISŁAWA	2
KEZIA	2
CECILLIA	2
OSEREMEN	2
FREY	2
SHEREEN	2
BAILEY	2
GEERTRUIDA	2
ANGELOTTI	2
MIGUELA	2
DATTA	2
PENCHEVA	2
HEDWIGA	2
SKYLER	2
LIZZIE	2
ROMI	2
PASCHALIA	2
FANTAZJA	2
SOPHI	2
ANEMARIA	2
TALA	2
XARENI	2
HILTRAUD	2
HALINA DANUTA	2
ABDULLAH IBRAHIM	2
ANNE MARGUERITE	2
VITHAL	2
GRENADA	2
AGHA	2
HITANA	2
TARIA	2
KATARZYMA	2
WESTYNA	2
GIALINH	2
MARJORY	2
HELENA ANNA	2
MARIA IRENE	2
MARIE CLAIRE	2
ELŻBIETA STANISŁAWA	2
BURÇAK	2
KINIA	2
NGOAN	2
LANDSPERG	2
KINA	2
MERCEDA	2
HILTRUD	2
URSZULA TERESA	2
NNEAMAKA	2
ATEF	2
NASSIMA	2
FABIANNA	2
ANIELA JADWIGA	2
LUNDE	2
PENKOVA	2
STANISAWA	2
ELIŠKA	2
EJIRO	2
PATRICK	2
CHARLOTTE SOPHIE	2
IRENA TERESA	2
JODIE	2
NEREA	2
JAFFA	2
BASHA	2
AARYA	2
YOCHEVED	2
DESTINA	2
MILDREDA	2
LEMONIA	2
AKI	2
BAO HAN	2
HIDEGARDA	2
WINISŁAWA	2
PERSEFONA	2
HABAN	2
JOO	2
LIORA	2
BARNADETA	2
BETHAN	2
OKTAWINA	2
BOŹENA	2
ZDANA	2
HELENA VICTORIA	2
IRENA ALEKSANDRA	2
ALAIA	2
BORYSŁAWA KAZIMIERA	2
JESSLIN	2
ZAIDE	2
BALA	2
LIDIJA	2
IRUMINA	2
JUSTUNA	2
LIANNE	2
NARESHKUMAR	2
NAA	2
TYLER	2
OYIDIYA	2
WIOLINA	2
EFFIE	2
MICHAELE	2
ZENOIDA	2
ARNA	2
MAZINZA	2
MARIAPIA	2
BOK	2
JAIME	2
JALILA	2
ANTHONETTE	2
DANIKA	2
DELALI	2
TINOTENDA	2
SHARAF	2
ZDENKA	2
NATIVIDAD	2
CONSUELLA	2
HERMA	2
CIESZYSŁAWA	2
GERARDINA	2
AYCAN	2
GABRIËLLA	2
KLEMENCJA	2
BRATYSŁAWA	2
BEWAR	2
PÉROLA	2
SAANA	2
KAROLINA MARIA	2
GUSŁAWA	2
KESIA	2
FOLINE	2
FADILA	2
BABUBHAI	2
NGUYỆT	2
EBRAR	2
UNITA	2
LUELLA	2
QASIM	2
TAFARA	2
HUYỀN	2
SHALINI	2
TANISHA	2
SETŁANA	2
LÉONIE	2
WRZESŁAWA	2
SUNA	2
ALYS	2
THERESIE	2
SUMIKO	2
ALLAN	2
WAYAN	2
EL ZAHRAA	2
WALDTRAUD	2
İPEK	2
ZAYNAB	2
BARNARDA	2
KOATI	2
MARIA ALINA	2
AYSEN	2
MATEUSZ	2
FALLON	2
PERUN	2
HANI	2
AYLEEN	2
DEODATA	2
KHADIJEH	2
NAA AKU	2
LENNOX	2
MIRUNA	2
TEBEBU	2
SILVER	2
KAYLEIGH	2
EUSTELA	2
KAZIMIERA HELENA	2
KAMLESHKUMAR	2
AGATA DOROTA	2
FAGR	2
GOHARIK	2
CARROLL	2
RADOSTA	2
GABRELA	2
MARIA CELINA	2
ANDRIANNA	2
TEODOZIA	2
HIỀN	2
DIETLIND	2
ZOFIA GRAŻYNA	2
LAWRENCE	2
CHRISULA	2
GIETRUDA	2
LEA DIANA	2
AFINA	2
SYEDA	2
WŁADYMIRA	2
AUZEBIA	2
ALBANA	2
HERMIONE	2
FARAH	2
AMAIA	2
KIRITBHAI	2
ELIJA	2
JACŁAWA	2
MARIE-CECILE	2
NAZARIA	2
IMAAN	2
L.	2
SUŁTANA	2
AGNETA	2
ESPERANSA	2
HYUSEINOVA	2
CICEK	2
AYU PUTU	2
MARIA JULIANNA	2
JOLANTA EWA	2
ABDULRAHMAN	2
TIJA	2
KOMANG	2
ANNA BOGUMIŁA	2
ARCANGELA	2
JACGUELINA	2
MANUEL	2
MUSTAN	2
STANCHEVA	2
BEATRIKS	2
OLSZA	2
WIKTORIWNA	2
ADÈLE	2
VIMBAI	2
YNHI	2
DIVIA	2
ALOISIA	2
ANA-MARIA	2
HRYZANTA	2
ZEKERIYA	2
SAIMA	2
CHISIMDI	2
BRANISLAVA	2
BÁRBARA	2
GIRI	2
YANCHEVA	2
EHI	2
TEHILA	2
MAJRA	2
SEBAHAT	2
OAN	2
DHANASUNTHORN	2
IWONA ANNA	2
TOVE	2
BABETA	2
MARIAGRAZIA	2
MUMTAZ MATI	2
NESS	2
DAHYABHAI	2
MAGDALLENA	2
MARIA ADELAJDA	2
MALU	2
OLISSA	2
WANDA WŁADYSŁAWA	2
BELEID	2
LORINE	2
MYLINH	2
SAN	2
KAMLESHBHAI	2
CALLISTA	2
OLUWATOBI	2
REMUALDA	2
IRMELA	2
HOURIA	2
CHÂU	2
ŻORŻETTA	2
MARLIZA	2
JOYA	2
HİLAL	2
THOM	2
ADANNAYA	2
SISKO	2
SZARON	2
BLANDA	2
LORIE	2
NINA URSZULA	2
ERZHAN	2
EUGÉNIE	2
TERESA LEOKADIA	2
ERINA	2
MARIE MARGUERITE	2
JURGITA	2
AZZURRA	2
TAURIA	2
LATIFAH	2
ANNE-LAURE	2
PIRJO	2
MARIANNA JANINA	2
MARIE TERESA	2
NAYEF	2
ROSEL	2
MEYA	2
SHEENA	2
KAROLINKA	2
HABTAMU	2
ELANUR	2
LEOKADJA	2
NASSER	2
DEA	2
ELŻBIETA REGINA	2
NATLIA	2
MARIELLE	2
TONANTZIN	2
WYN	2
PARASKEVI	2
ADIANNA	2
WASYLIWNA	2
UN	2
KIREN	2
MILITA	2
IVIE	2
SELVIYE	2
MICHELINA	2
THIZIRI	2
DONCHEVA	2
ALINA MARIA	2
NICOLE MARIE	2
GRUNNET	2
AYELÉN	2
HORTENCIA	2
SEMIRAMIDA	2
MARIE ERIKA	2
RAYANA	2
BIJU	2
MENDOZA	2
AARUSHI	2
ALCIRA	2
RENÉ	2
BROWN	2
GÖNÜL	2
ATIQAH BINTI	2
PETA	2
MARIE DOMINIQUE	2
DENYSE	2
RIDHI	2
VILHELMIINA	2
JIAYI	2
TRISNA	2
FILONA	2
JADWIGA WIKTORIA	2
IJOLA	2
KRYSTYNA JADWIGA	2
LUCUNA	2
NOËMIE	2
MAJELLA	2
NOLAN	2
JUDE	2
CÉLESTINE	2
CELESTA	2
ORLANDA	2
CARLEEN	2
SHEKHAR	2
GALYNA	2
ANTIGONA	2
HYUNG	2
AWAD	2
GRISEL	2
SYNTHIA	2
PUTRI	2
GRAŻYNA ELŻBIETA	2
ALTUNER	2
ZHELYAZKOVA	2
ZOFIA MARTA	2
MISCHELL	2
ADNAN RADHI	2
SALOMENA	2
ZIEMISŁAWA	2
SZERÉNA	2
WIEBKE	2
YANETH	2
E.	2
SASSIA	2
BICH THUY	2
SAVANNA	2
QI	2
SOIZIC	2
ALIKA	2
DANIÈLE	2
KATALEIA	2
ALYSA	2
PETRUS	2
AMALTEA	2
GAYANE	2
ROBERTINA	2
RÓISÍN	2
GUDRUNA	2
WASSEM	2
JUKUNDA	2
KONSTANZIA	2
ANTONINA KATARZYNA	2
TOSHKOVA	2
CHETAN	2
MARIA GENOWEFA	2
ELISABETH MARIE	2
TIARA	2
LYLIANE	2
MAHESH	2
PALMES	2
LIDIA KRYSTYNA	2
TULISA	2
DELL	2
CAMILLE MARIE	2
RAJMONDA	2
ANIANA	2
OMONIGHO	2
MAŁORZATA	2
AHMED M	2
GÖKÇEN	2
JACOBIEN	2
AISHLING	2
MIRJAMI	2
OLAFA	2
HENYA	2
CHARLENE	2
BARAKAT	2
HØJGAARD	2
LUÍZA	2
MARIEN	2
DAGENBACH	2
LAKHANA	2
D'ARC	2
MEIRA	2
ZERAFINA	2
XUÂN	2
RAYE	2
DAFROZA	2
IFTIKHAR	2
DEANNA	2
ŻULIETTA	2
TERASA	2
PARASKIEWULA	2
AASTA	2
IBRYAMOVA	2
SUMAYYA	2
EMILIA ŁUCJA	2
AMINIA	2
MUSKAN	2
BO	2
PEROLA	2
NGUYỄN	2
NOELL	2
JAROSŁAW	2
NATALIA MARIA	2
LILANA	2
SILVIYA	2
MARCENE	2
EHRENTRAUD	2
ANIKÓ	2
GILBERTA	2
JULY	2
WAWIRA	2
ONYINYECHUKWU	2
TONYA	2
FINLAY	2
NILLY	2
OLUFUNKE	2
ARAKSJA	2
ELGA	2
MAZIN	2
ZOFA	2
MILIA	2
CITA	2
NADIYA	2
KIMA	2
NAJIB YAHYA	2
PETKOWA	2
GRZEGORZYNA	2
DONATINA	2
ABHIJIT	2
JEANNIE	2
YARYNA	2
VILMA	2
PRIYANKA	2
CINZIA	2
PARTENA	2
ANCUTA	2
ESPERANTA	2
BEATRICZA	2
MIRACLE	2
GIUSI	2
KAZIMIERA BRONISŁAWA	2
KATELYN	2
DARTI	2
NIRVANA	2
AFIZE	2
CASSIA	2
SYGRYDA	2
TETIANA	2
EMAD	2
HANAKO	2
ENYIDIYA	2
GIERARDA	2
MAKSYLIA	2
SUZANNE MARIE	2
PHƯỢNG	2
DILSHODA	2
CONNABLE	2
MARIE GABRIELLE	2
RAJ	2
FUSSING	2
KAZIMIERA ZOFIA	2
ORJANA	2
LISA-MARIE	2
IWONA STANISŁAWA	2
MOHAMED AHMED	2
DIMCHEVA	2
WELIN	2
SEVERIN	2
TAIWO	2
WIWA	2
SHIVA	2
CECYLIA MARIA	2
MARIA CARMEN	2
RENÁTA	2
ELŻNIETA	2
ANAID	2
JERZA	2
IRIDE	2
BARBARA JADWIGA	2
GOJA	2
AYSU	2
MELDA	2
MAHDI	2
KYRIA	2
MING	2
ROSE-MARIA	2
NATALJA	2
ALBINE	2
MAŁGORZATA JULIA	2
FIDELINE	2
KADELSKA	2
ELEONARDA	2
CIESZYNA	2
PIXIE	2
RIZKY	2
OLANMA	2
ROSETTA	2
BUTTAN	2
NESIBE	2
MARGOTTA	2
MARIA CECYLIA	2
EMMANUEL	2
SYLIWA	2
BERNARDO	2
AMINAT	2
LILIIA	2
KAILA	2
KJELDAL	2
MAGDALENA JANINA	2
ATINUKE	2
HANNA GRAŻYNA	2
LAKMALI	2
TERESA CZESŁAWA	2
PRIMAVERA	2
HÂN	2
MEHMEDOVA	2
ALICYA	2
HERMINEGILDA	2
MELIA	2
NATALKA	2
KATHREEN	2
JAVAID	2
NESLIHAN	2
KUMAR	2
RUCHAMA	2
CÄZILIE	2
MARIE NOËLLE	2
LORI	2
BERNARDITA	2
SIMIN	2
MAGDALENA TERESA	2
WŁADYSAWA	2
EMILIYANOVA	2
BARBARA DANUTA	2
SIYONA	2
MARIECHEN	2
GLENKORA	2
ELIGIUSZA	2
DEYANOVA	2
KATARYZNA	2
ANELITTA	2
GRATIA	2
IWONKA MARIA	2
VIPIN	2
VIKTORIJA	2
GIRMAY	2
NESTA	2
CHRISTENE	2
EUALIA	2
WAI MUN	2
ANIESZKA	2
JAYAWARDENA	2
MULAN	2
QUYÊN	2
NA	2
MICHI	2
CLARA HELENA	2
AMIRE	2
BELLINDA	2
DÉBORAH	2
ABBEY	2
AGELIKA	2
MARŻETA	2
TSANKOVA	2
JENI	2
RAJNIKANT	2
SAFIYA	2
NAPSUGÁR	2
PIERRE	2
BÉNÉDICTE	2
HAE	2
THI HONG	2
PARRY	2
SAPHIRA	2
VALENTIN	2
AUTUMN	2
ALESSJA	2
FIDEA	2
DŻANETA	2
JANUTA	2
CARLINA	2
ELANOR	2
OLUWABUKOLA	2
KARAMFILOVA	2
JAGÓDKA	2
KOMIYAMA	2
PATEL	2
AHARONA	2
AKILINA	2
KARYN	2
GEORGIJA	2
ALFONSINA	2
SELCEN	2
CEYLIA	2
STEPHEN	2
ZENITA	2
IRISA	2
GÜLSÜM	2
IRENA EWA	2
VITALIA	2
RÓISIN	2
MARLEY	2
DISA	2
ALANNA	2
KRZYSZTOFINA	2
SELWENA	2
AXELA	2
JANINA ALEKSANDRA	2
JUDI	2
ZOFIA HALINA	2
NERYS	2
BHAVIN	2
STARR	2
ELŻBIETA ZOFIA	2
ROWENA	2
KRZYSZTOFIA	2
PATRIZA	2
MARILIN	2
DOBROHNA	2
ZBISŁAWA MARIA	2
KENYA	2
BAY	2
HALINA WANDA	2
MYRTLE	2
ZIGRIDA	2
SALINA	2
ZOFIA ALICJA	2
CONSTANCJA	2
STAEFANIA	2
WIDA	2
SHAMSELDIN	2
CHANDANKUMAR	2
LAZAROVA	2
GISELLA	2
OLUWADAMILOLA	2
RONIA	2
FRANCISZEK	2
LEXIA	2
MOJRA	2
POLITA	2
OLUWATOSIN	2
KAŹMIERA	2
ZDRAWKA	2
SEVIL	2
ANEEQA	2
LEEN	2
ÐÔNG	2
KUKLINSKA	2
ÉLODIE	2
GERHARDA	2
EKIN	2
ANAI	2
RANATA	2
INGARD	2
SIKA	2
NATALLY	2
LAYA	2
RAJNISH	2
HARDT	2
MARTINIKA	2
MARLLENA	2
JEANETT	2
SIÂN	2
ARELIS	2
ZOFIA ANNA	2
KOSISOCHUKWU	2
PIPER	2
BARBER	2
EBUBECHUKWU	2
ORIETTA	2
NIRMAL	2
WLADYSŁAWA	2
ANNAMÁRIA	2
EADDY	2
ELFRYDE	2
ALEKSANDRA ANTONINA	2
FEBE	2
GISÈLE	2
MICHALE	2
NAZARE	2
SUZANE	2
KATLYN	2
SUMAN KUMAR	2
IRENA ANNA	2
JOANNA WANDA	2
TODOROWA	2
MA	2
LUMINIŢA	2
MONIGUE	2
ADRIELA	2
GORDIANA	2
WINFRYDA	2
MONIR	2
EYLEM	2
PELEGIA	2
NOEMIA	2
OLGUTA	2
ERICKA	2
BLAGOEVA	2
MYRTHE	2
DULCYNEA	2
DYMPNA	2
IVONE	2
SALA	2
NIKOLIA	2
MESALINA	2
DONITA	2
MARIA SOPHIE	2
MWENDE	2
SUSANN	2
ŞEVVAL	2
NARZENA	2
SHAHLA	2
SURIYA	2
VIET LAN	2
GÜLTEN	2
SZILVIA	2
MARTA URSZULA	2
DOBOSZ	2
TATYANA	2
TEOFILE	2
AGNI	2
GUILLERMINA	2
MUGURE	2
KARELIA	2
CASTRO	2
ANAHÍ	2
BAI	2
ORHAN	2
SOZAN	2
RADKOVA	2
BASMA	2
RUZDIEVA	2
SONEVA	2
BARBARA ANNA	2
WŁDYSŁAWA	2
WOKTORIA	2
VIJAYA	2
MARIJKE	2
STAMATINA	2
WIORIKA	2
HALYNA	2
KAZIMIERA ZDZISŁAWA	2
AGNIESZKA ZOFIA	2
HELENA HALINA	2
MAŁGORZATA JÓZEFA	2
FARZANA	2
ENCARNACION	2
ELŻBIETA JULIA	2
ILIDIA	2
ELISABETHA	2
HARESHBHAI	2
JANIE	2
KRYSTYNA DANUTA	2
ANTONINA EWA	2
GIOCONDA	2
PHUONGLINH	2
BRINK	2
JOLANTA GABRIELA	2
JENNI	2
DŻESSIKA	2
CHANTALE	2
FABRYCJA	2
LUTFI	2
VIRÁG	2
GERTRUDIS	2
CRISTIANA	2
JOSELINE	2
NEVADA	2
KAI	2
MAŁGORZATA ANNA	2
GİZEM	2
SIMONNE	2
TAL	2
ANUJ	2
HAJNALKA	2
JACLIN	2
ARLINDA	2
ANTYGONA	2
JANTINA	2
GORDANA	2
OŁENA	2
AISHE	2
MIDIA	2
CHRISTIANNE	2
BIN	2
AZURA	2
MANEVA	2
LONDYNA	2
WAITHIRA	2
SABELA	2
WALDTRAND	2
JÓZSEFNÉ	2
REJOICE	2
MAILEN	2
TIN	2
NATALIJA	2
ILKE	2
JOELA	2
ZERFI	2
ARTEMIZJA	2
JACINDA	2
GRZEGORZA	2
KOSTANCJA	2
JANINA ANTONINA	2
MAINA	2
LERATO	2
IRJA	2
ZOPHIA	2
GENOEFA	2
NAZELI	2
TENZIN	2
EVA IRENE	2
SATI	2
EUFRAZYNA	2
LORETO	2
MY LINH	2
TEOBALDA	2
FRADLA	2
JOCHANNA	2
KATHARINA ELISABETH	2
SEVCAN	2
ISABELLE MARIE	2
TASMIN	2
LIANG	2
ASUMPTA	2
INGRIED	2
SELVER	2
ABDURRAOUF	2
SİMGE	2
MAŁGORZATA IZABELA	2
OBEHI	2
JADWIGA ELŻBIETA	2
NATANAELA	2
EDZIA	2
BOZENTYNA	2
BAJLA	2
MALEA	2
MARIA-ANTONINA	2
BRIANA	2
ROZE	2
S	2
CHAHINEZ	2
LIZZI	2
BARBEL	2
DAVIDOVNA	2
GRASIELA	2
RICARDA	2
OGENIA	2
WANDA TERESA	2
KATRYNA	2
GEORGINE	2
GEORGI	2
WANDA ANNA	2
MARY-ANN	2
MAHAD	2
DILRUBA	2
EDYT	2
MOHINI	2
ALEKSANDRA WIESŁAWA	2
NHYIRA	2
VIRAG	2
DOROTA GRAŻYNA	2
SAAUGAARD	2
MIREYA	2
TERÉZ	2
ALTHEA	2
ADALMINA	2
PABLA	2
BESS	2
AFI	2
ESEN	2
ELIZBIETA	2
TULSI	2
ROTRAUD	2
MITSUKO	2
SHERI	2
TONINA	2
JOGODA	2
ADELFA	2
JULIENNE	2
ELŻABIETA	2
ROBERTS	2
GITTA	2
MARTYNKA	2
ISHANI	2
YOON	2
NYHOLM	2
FIZA	2
TUGCE	2
JULIJA	2
LOUIS	2
JÓZEFA ANNA	2
ETERI	2
JANNAT	2
LAURINDA	2
BRABARA	2
ANHLINH	2
EUGENIA MARIA	2
PRESILA	2
MARIE-SOPHIE	2
GAJANE	2
MURADIYE	2
EMILIEVA	2
JORGELINA	2
SCOUT	2
GOIA	2
TUNG	2
AISA	2
GEE	2
ANUSIA	2
PUI	2
ROMANA MARIA	2
JALAL	2
SAAD OBAID	2
UDAYA	2
ANTONINA ZOFIA	2
NATTI	2
JOANNA TERESA	2
JACK	2
WARDENI	2
ANNA ELEONORA	2
MAGRIT	2
ARANTXA	2
AH	2
MARUTA	2
LILIEN	2
MIKELA	2
INDURKHYA	2
RADOSNA	2
KATLEJA	2
THU HA	2
JOSÉPHA	2
PRYMA	2
NAEMI	2
ESAM	2
KIZI	2
MÜGE	2
JAHAN	2
JAQUELIN	2
MOJMIRA	2
VELMA	2
AUGUSTINE	2
RAFIKA	2
LATIF	2
NATANELA	2
BONG	2
HANYA	2
IORDANOVA	2
KUDZAI	2
CINTHIA	2
EGINA	2
AIYANA	2
LIDJA	2
IZABELA KATARZYNA	2
DILETTA	2
KOCHANOWICZ	2
KSANTIA	2
SORENTA	2
CASSIOPEIA	2
WANDA STEFANIA	2
MINDLA	2
ELŻBIETA WANDA	2
MADE	2
JANINA JADWIGA	2
SAYDOU	2
NICCOLA	2
ERLINA	2
VEENA	2
MARIE VALENTINE	2
NOTHANDO	2
ROLI	2
ZEFERYNA	2
THÉODORA	2
URSZULA DANUTA	2
SAEED	2
WANG	2
RYCHEZA	2
GYSELLE	2
SYLWERIUSZA	2
MANSOOR	2
ALEKASNDRA	2
BOZENNA	2
CINTA	2
ILANIT	2
BERNADETE	2
SAOMAI	2
SPENCER	2
SALAM	2
EMNA	2
SELWA	2
MAGOMEDOVNA	2
RATNA	2
UJUNWA	2
NIRAJ	2
IWETT	2
LIESBETA	2
TALVIKKI	2
ŁUCYNA	2
NIUTA	2
PARISA	2
RAIMA	2
FAKHRI AHMED	2
LUBOMIŁA KAZIMIERA	2
MARIYAM	2
PIETROWNA	2
SHAHID	2
ANAIDA	2
PRADO	2
JOANNA KATARZYNA	2
LETH	2
LIZELOTTE	2
CATRINA	2
CITLALI	2
IOWITA	2
BASTIENNE	2
TABATA	2
ATIA	2
LEONTINE	2
THUY LINH	2
ARITA	2
FRIIS	2
GYÖRGYI	2
ARIFOVA	2
ANKOVA	2
RÉGINA	2
IRVINA	2
HALKA	2
EWA MARTA	2
ARCYZA	2
MARIA EVA	2
JOSETTA	2
URZULA	2
LINDAL	2
RITESHKUMAR	2
WITORIA	2
HENRYKA MARIA	2
KSEWERYNA	2
IYABODE	2
YADWIGA	2
IRIT	2
KA̋TE	2
TSAMPIKA	2
KLAUDIA ANNA	2
JACINTA	2
WANDA STANISŁAWA	2
SYLWA	2
SATINE	2
SAYA	2
ENAM	2
MIRLENA	2
VICTÓRIA	2
WILLA	2
FOUAD	2
EDGARDA	2
MAIANH	2
YELDA	2
ŁUCJA ZOFIA	2
RELINDA	2
AIRAT	2
MARYSOL	2
KIANA	2
LUMI	2
SŁAWOMIŁA	2
LOYETTE	2
RAJZA	2
CHUNG	2
IDIL	2
BRINGFRIEDA	2
MILONA	2
STANISŁAWA ANTONINA	2
DARKA	2
BRUNELLA	2
KITTY	2
JANUARIA	2
ŁAJMUTIE	2
HOANGLAN	2
EJIROGHENE	2
MILIND	2
JAGDISHBHAI	2
MUNTAHA	2
EMILLIA	2
EWA ZOFIA	2
BENIA	2
NATALINA	2
VISHWANATH	2
SALAMATA	2
THAÍS	2
BATSHEVA	2
ISELIN	2
AHMED SAIEED	2
GRAŻYNA HALINA	2
KINZA	2
FİRUZE	2
IVELISSE	2
HUYENNHI	2
SEBASTIN	2
HELENE MARIE	2
VILDAN	2
NKIRU	2
SULAMITA	2
HAI ANH	2
FRANCHESKA	2
MINORI	2
MAËLLE	2
ANISJA	2
WALID	2
KOSANA	2
KATARZYNA MAGDALENA	2
KIRIAKULA	2
MOHAN	2
CHODOR	2
JANETT	2
THUY QUYNH	2
YASEMİN	2
LEYLIA	2
MARILIA	2
KAZIMIERA STANISŁAWA	2
SUBHASH	2
AFRODITA	2
YSABEL	2
POOJA	2
ANTONINE	2
MADELYN	2
ARIANI	2
RUZANNA	2
DORTA	2
GUTA	2
MODUPE	2
KUMRU	2
HUONGGIANG	2
ŻARMENA	2
EMELIA	2
KATAZRYNA	2
ŁUCIA	2
LUND	2
NNEDIMMA	2
LANE	2
CHIQUINQUIRA	2
OSAMA	2
SHAINA	2
JULIETT	2
SADHBH	2
ÉLISA	2
EUSTAZJA	2
TUNRAYO	2
RYAN	2
FARES	2
IRMAGARDA	2
AWLACHEW	2
JIL	2
ESTELITA	2
RAKEL	2
JAMAL	2
DELANEY	2
TOLMIRA	2
BØJE	2
RYMA	2
RHIANNA	2
EYJA	2
JANINA DANUTA	2
MARIA ELISABETTA	2
AHMED H	2
MO	2
VIVEKKUMAR	2
OLABISI	2
OLANNA	2
ŻYTOSŁAWA	2
CECYLIE	2
BARBARA JÓZEFA	2
MARTA ANNA	2
HUANITA	2
MONIKA ANNA	2
WOJSŁAWA	2
TUGA	2
MELINE	2
IOLANTA	2
MIMA	2
HILTRUDA	2
NAZAN	2
NINETTA	2
CHINH	2
ILLIA	2
ABIEYUWA	2
MARTA BARBARA	2
AROHA	2
HAMAD	2
MARIE AMÉLIE	2
LIDIA ELŻBIETA	2
KEYSI	2
ANGELITA	2
BARBARA KAZIMIERA	2
TATUR	2
AVIS	2
HELMY	2
AKWILA	2
WANDA JADWIGA	2
GEORGE	2
OLUSOLA	2
ZAINEB	2
FAIZA	2
ELOISA	2
RUNA	2
SYOULEYMAN	2
KATHERIN	2
TATRA	2
TAIT	2
ADEYINKA	2
ALMAZ	2
HOUDA	2
DEL ROCIO	2
MOTYLDA	2
ANALIZA	2
BARBARA STEFANIA	2
LEANA	2
LAIA	2
MELLA	2
COLOMBE	2
MY ANH	2
BESSIE	2
HIKARI	2
BEÁTA	2
MICHALINA ALICJA	2
ELLIOT	2
AXEL	2
DOMISŁAWA	2
RAGUEL	2
GERARDE	2
TAHMINA	2
MUHSIN WALEED	2
RHONDA	2
EMILIA ZOFIA	2
STEFANIA IRENA	2
PAM	2
NAZIA	2
ELANE	2
OMI	2
BENTON	2
TRISS	2
ŁUCJA MARIA	2
AGOSTINA	2
WOLKE	2
HUBERTINA	2
KHADEEJA	2
MASON	2
ROSELINE	2
DONALD	2
KYLEE	2
ELIAN	2
RENESMEE	2
VIHAR	2
VIESIA	2
SANCZIA	2
LAVA	2
LOUIE	2
MEGHAN	2
WANDA ELŻBIETA	2
IM	2
RUBBAB	2
DJENEBA	2
HENDRIKJE	2
MARINILA	2
BOGLÁRKA	2
CZCIBORA	2
NYAMBURA	2
WANDA KRYSTYNA	2
STERRE	2
LIESELOTTA	2
ARIS	2
NIKKOLE	2
BARBARA WANDA	2
DANUTA JADWIGA	2
MARIA-TERESA	2
AJA	2
ADMIRA	2
KUNGA	2
GERHILDA	2
DŻINA	2
KEISHA	2
KARDELEN	2
MADELEINE LOUISE	2
KISENDAL	2
WIOLLETTA	2
YAHEL	2
KARAR	2
KRYSTYNA HALINA	2
VIYAN	2
KATA	2
MARIE MARTINE	2
TERESA EUGENIA	2
REKA	2
NÉLIDA	2
NITZA	2
DANUTA KATARZYNA	2
KI	2
JUMA	2
ISSA	2
MARIE ALINA	2
ADELINDA	2
JOLANTA JOANNA	2
RUDOLFA	2
EMİNE	2
VALERA	2
BARBARRA	2
EMERYKA	2
JOHANSEN	2
OLDYNA	2
HARISH	2
PARVEZ	2
STANISŁAWA WŁADYSŁAWA	2
ANNE EVE	2
RONDA	2
MARIAELENA	2
GANESH	2
AFUA	2
RABIJE	2
IRMAK	2
ASMIN	2
ARMINDA	2
LIESE	2
BOLUWATIFE	2
KITI	2
AGNETHA	2
ESSI	2
TEGAN	2
RELA	2
ARMINA	2
HADASSAH	2
KIAH	2
MADHUKAR	2
MERIEL	2
MARINETTA	2
HELENA JANINA	2
TAHIRA	2
WAJA	2
ZUSANNA	2
FLAWIANA	2
CẨM	2
KELI	2
DILRUKSHI	2
KIERA	2
PEPPER	2
NETTA	2
SERRANO	2
NUALA	2
BINTA	2
NAFISSA	2
CYRYLIA	2
HELLE	2
MALIK	2
DZIONISŁAWA	2
STANISŁAWA ANNA	2
GENET	2
YUMIKO	2
GERTRAUDA	2
KRYSTYNA BARBARA	2
MADYNA	2
MARIÉ	2
ELLYN	2
EMILIA KRYSTYNA	2
HILDYGARDA	2
LEELEE	2
TONG	2
ALUNA	2
DESANKA	2
LENNA	2
ÝR	2
EWARDA	2
SODA	2
HARSHIT	2
KRIMHILDA	2
KELTOUM	2
EWELIN	2
JA	2
CATALEJA	2
HAYAT	2
VIEIRA	2
BASSAM	2
WIGANNA	2
JOLITTA	2
DELANA	2
MARIA BOŻENNA	2
GUEORGUIEVA	2
DALILLA	2
RÉKA	2
BLONDYNA	2
VIBEKE	2
LEONKA	2
WIWANNA	2
MATYNA	2
YUNZELE	2
PESSA	2
TUMIRA	2
FRANCHESCA	2
ARAKSI	2
AHMED KHAN HAJI	2
GRÁINNE	2
MAREA	2
JAIDE	2
PHUONGLAN	2
VIOLAINE MARIE	2
CRICHTON	2
TRESA	2
MICHÈLE MARIE	2
HENRYK	2
WŁADYSŁAWA ANNA	2
FATYMA	2
DIMITRICHKOVA	2
EZACHIELA	2
IRENA BARBARA	2
SAIDE	2
KASHA	2
BINTE	2
MAISIE	2
EWIN	2
VALICHECK	2
EURIDICE	2
EFROSINI	2
MUNACHIMSO	2
RIPLEY	2
MARZENNA TERESA	2
MAURICETTE	2
DOMANSKA	2
OSAREMEN	2
JARWIKKA	2
HANSI	2
YULIEVA	2
AIN	2
SORINA	2
MAVOURNEEN	2
CZAICKI	2
LETISJA	2
RUHI	2
ELODIA	2
MARIA ELEONORA	2
SARACH	2
SZYMONETA	2
IIDA	2
CERONIKA	2
INBAL	2
MUSAU	2
FANNI	2
ALFRED AZIZ MATTA	2
ROSLYN	2
SILVA	2
RIITTA	2
ALIKI	2
JAMUNA	2
CHRISTINNE	2
MARGERETHE	2
GENA	2
BELGIN	2
TEREZIA	2
TRESOR	2
MAŁGORZATA RÓŻA	2
BẢO	2
CHERUTO	2
DAMERIA	2
ABDUR	2
SIBONGILE	2
ASCENSION	2
JAËL	2
ALICE MARIA	2
MYRTILLE	2
BERNADOTA	2
DOBRACHNA	2
BARBARA ZOFIA	2
TOKUNBO	2
NURIYA	2
EILLEEN	2
NARENDRA	2
NAFIYE	2
OWIDIA	2
AJLIN	2
GULSEN	2
CHIMDI	2
SPRING	2
CZARNA	2
FATUMATA	2
WITKORIA	2
CAROLLE	2
JULIA KAROLINA	2
NANGULA	2
LUDGERA	2
YOY	2
ALON	2
NARGIS	2
DE LA PAZ	2
ALANI	2
MARIASOLE	2
CÉCILIA	2
PARYSA	2
LYKKE	2
RYSIA	2
AKHTAR	2
PERIHAN	2
BERNHILDE	2
FIRDAUS	2
VON	2
VINODBHAI	2
JADWIGA ROMANA	2
ELLEN MONIKA	2
HARSHADKUMAR	2
WESTA	2
BERNADETA BARBARA	2
STOJANOWA	2
MİRA	2
ENEIDA	2
RASA	2
IRYTA	2
KRYSTYNA IRENA	2
CHIEMELA	2
BELAY	2
ROSMARIE	2
DANUTA BARBARA	2
LU	2
DAFNA	2
KALLINA	2
MARJUT	2
ANŻELA	2
DANIËLLA	2
VIOLLETTA	2
JAIN	2
HOLLIE	2
AFRIYIE	2
CELENA	2
GRAYCE	2
JOIE	2
TRAMANH	2
BARBARA ALEKSANDRA	2
HELENA STANISŁAWA	2
SYLIA	2
KATIANA	2
SANTIA	2
EULANIA	2
BHIKHABHAI	2
REENA	2
NILESH	2
ALIZ	2
JOSHUA	2
IRENIA	2
URSYNA	2
JÓHANNA	2
NINELA	2
VANNESSA	2
GERDA MARIA	2
BOJANA	2
MENNA	2
JIA	2
KHADRA	2
ELDONA	2
HAMEED	2
ROSFITA	2
GENEVA	2
TOMA	2
KISHOR	2
ISLAM	2
DOUA	2
KÄTE	2
SRAVANI	2
GWYNNE	2
GNIEWOMIRA	2
TILLIJA	2
MALVINE	2
COLEEN	2
ELIZABETH MARGARET	2
EWA JADWIGA	2
ZOFIA JADWIGA	2
HASIBE	2
MARIA PELAGIA	2
FAREDIN	2
MADZIA	2
ŁESIA	2
ETIENNETTE	2
EMELINE	2
BONISŁAWA	2
HANNA DANUTA	2
YADIRA	2
ASANET	2
HAVIN	2
ARIJ	2
DZAMILA	2
MALINKA	2
SOFFIA	2
ARAMI	2
DESDEMONA	2
VIET	2
ILINKA	2
MEITAL	2
MARIA FELICJA	2
NAJAH	2
FATIMATA	2
LALKA	2
ABDULMUTTALIB A.	2
EIDER	2
MARIA DOROTA	2
ISRAELA	2
LORELAY	2
MARIA IGNACJA	2
SAUSAN	2
GINEWRA	2
SARITHA	2
MIZGIN	2
GERTUDA	2
CHADLIA	2
ABDULHAKIM A	2
YELIZ	2
LÝ	2
LUIGINA	2
MRIA	2
ROSHAN	2
ROYA	2
CEZARINA	2
HÀ	2
JONETA	2
ANDŹELIKA	2
DABA	2
SUNITA	2
LELIA	2
LYNDA	2
MARGRITH	2
ALIJA	2
BINNUR	2
MAGDALENA WŁADYSŁAWA	2
ABDONA	2
YOUSSEF	2
YONKOVA	2
VICKTORIA	2
MARGERETA	2
ILHAM	2
OUYA	2
LAUREEN	2
MARCYLIA	2
FARMAN	2
ELEONORA MARIA	2
PRATIK	2
REMIGIUSZA	2
BRONHILDA	2
MÍA	2
JYOTIN	2
MYFANWY	2
MILAN	2
WIDYA	2
KRYSTYNA WANDA	2
SYLWESTRYNA	2
ABDEL	2
ELORA	2
MARIA M	2
TECLA	2
SKYLAR	2
WINSTROM	2
MÀRIA	2
INTISAR	2
THUYLINH	2
ALEXANDRA MARIA	2
WESELINOWA	2
EKI	2
AVIA	2
SABARINAH	2
NESIA	2
ANGELIKI	2
KINANA	2
DILBER	2
ZAKIA	2
MARIE-ANGÉLIQUE	2
MAŁGORZATA WANDA	2
JADESOLA	2
LUCETTE	2
ELIZABETE	2
YLVA	2
PARTICIA	2
HOÀNG	2
GODZIMIRA	2
LIUDMYLA	2
HAI YEN	2
DUYEN	2
SERAP	2
ADELLE	2
CHANTALL	2
LORIS	2
MARYEM	2
HIMENA	2
MARIA ŁUCJA	2
LEN	2
AURELLA	2
EWA BARBARA	2
CARMINA	2
NIGIAR	2
ELIZAWETA	2
CATHRYN	2
JAREMA	2
GULBEN	2
DULCISSIMA	2
FEMKE	2
KROGH	2
AMRIT	2
DERSŁAWA	2
VIJAYKUMAR	2
VIRGÍNIA	2
RONI	2
IVANOVNA	2
TAN	2
CHAM	2
MAŁGOZRATA	2
ARETI	2
YOUN	2
MARIE ODILE	2
CHENAI	2
LIVINGSTON	2
WAEL	2
KENAN	2
LUYEN	2
HELENA WŁADYSŁAWA	2
CAMPOS	2
TSULTRIM	2
HASHAN	2
JADYN	2
FOLASHADE	2
SARNAI	2
DESPOINA	2
DINKOVA	2
BASS	2
MARIE PAULINE	2
ŁUCJA STANISŁAWA	2
XIOMARA	2
ALEKSANDRA JANINA	2
OYINKANSOLA	2
ANGELIE	2
KRYSTYNA TERESA	2
FAWZY	2
MANSOUR A	2
JOLANTA ANTONINA	2
FUNKE	2
SALAH	2
TUONG	2
ORYSKA	2
GRACIELLA	2
AILA	2
ORIETA	2
BOZENKA	2
XIA	2
BROOKS	2
CHANDNI	2
EVELYNA	2
JANINA HALINA	2
TURKI	2
IRYSA	2
INBAR	2
SAULĖ	2
MILLI	2
YNES	2
OLUFUNMILAYO	2
FABRICIA	2
MALOU	2
JAYESHKUMAR	2
JURJEVNA	2
AYAT	2
ZAHRAH	2
LHAMO	2
CYWIA	2
ADAMIŁA	2
ALEKSANDRA TERESA	2
TALAL	2
ŻYTNICKA	2
MUTLU	2
ANGUSTIAS	2
KUDAKWASHE	2
VUONG	2
HAVANA	2
BARBARA JANINA	2
HAY	2
AGGELIKI	2
VIWIEN	2
ALAKSANDRA	2
GAI	2
IRMTRAUTA	2
ISMINI	2
ETTY	2
MIEKE	2
MARIA MIECZYSŁAWA	2
JOLANTA IWONA	2
EUFRYZYNA	2
JOANETTA	2
ZOZAN	2
FILA	2
MARIA LAURA	2
HENYKA	2
SALEE	2
ORNELIA	2
ELŻBIETA HALINA	2
SHEFKET	2
OLUSHOLA	2
SHYAM	2
GISÉLE	2
CECELIA	2
SALEZJA	2
ARENIKA	2
DAPHNÉ	2
STEFANIA JADWIGA	2
AMAN	2
PARWATI	2
ZYANYA	2
MARIA LEOKADIA	2
SEVGIN	2
MŁGORZATA	2
MØLLER	2
DE ALMEIDA	2
VISHAL	2
SHARAD	2
BRITA	2
HITENDRAKUMAR	2
SHAIEN	2
SUZANOVA	2
OLAWUNMI	2
MAGALY	2
RADHARANI	2
KETANKUMAR	2
INGER	2
ISMAEL	2
ADZO	2
MONESSA	2
JAANA	2
ANIELA BARBARA	2
MALIHA	2
ROZETTA	2
CARMELIA	2
MARIE MONIQUE	2
MANJA	2
JACKLYN	2
BENGİ	2
SIMELA	2
URMILA	2
BARBARA JULIA	2
TULA	2
EBELE	2
EIŻBIETA	2
ORI	2
ALANNAH	2
CORINE	2
TAMIKA	2
JOLIANNA	2
ELENII	2
